일시,최저기온(°C),최고기온(°C),강수량,최대 풍속(m/s),최다풍향,평균 이슬점온도(°C),평균 상대습도(%),평균 현지기압(hPa),평균가격(원)
2020-01-02,-4.8,4.0,3.328571429,8.0,290.0,-5.1,65.6,1002.4,23825.0
2020-01-03,-1.9,5.3,3.971428571,7.2,290.0,-6.9,52.9,999.3,20758.48935953993
2020-01-04,-6.3,5.7,4.614285714,6.8,290.0,-6.5,61.4,999.0,29777.6167420384
2020-01-06,-4.6,3.7,5.9,2.7,320.0,-2.1,81.3,1002.0,28609.44804471525
2020-01-07,3.0,9.4,58.4,3.4,320.0,6.5,100.0,987.1,28631.75037121793
2020-01-08,2.8,12.7,2.1,10.5,320.0,1.8,80.0,986.7,24859.84098585702
2020-01-09,-1.0,2.9,1.909090909,7.9,290.0,-5.4,65.6,996.2,24094.3762473371
2020-01-10,-5.9,5.8,1.718181818,6.9,320.0,-5.5,69.4,996.8,22990.93346238502
2020-01-11,-4.7,4.8,1.527272727,7.7,290.0,-6.2,63.5,993.1,21830.42176630174
2020-01-13,-3.4,1.8,1.145454545,8.1,290.0,-9.0,55.5,995.4,21367.27630151718
2020-01-14,-6.2,3.6,0.954545455,6.1,290.0,-10.5,50.9,998.7,22417.84093639069
2020-01-15,-6.9,2.4,0.763636364,6.4,290.0,-11.4,47.5,1001.0,23109.99743824946
2020-01-16,-8.3,4.5,0.572727273,5.7,320.0,-10.7,56.1,999.8,22800.48370747575
2020-01-17,-7.0,6.9,0.381818182,2.8,320.0,-7.7,63.6,996.4,23301.77350301564
2020-01-18,-3.1,6.7,0.190909091,6.0,290.0,-8.1,55.1,994.5,24148.51057991227
2020-01-19,-1.8,5.4,0.0,6.8,320.0,-4.8,60.6,992.6,17918.35051546392
2020-01-20,-0.5,4.7,0.125,7.6,290.0,-6.3,55.8,995.3,21983.01128121564
2020-01-21,-7.6,4.9,0.25,7.1,290.0,-9.9,55.4,1003.5,26113.79939648233
2020-01-22,-3.1,4.5,0.375,2.6,320.0,-7.2,54.3,999.9,25423.36034868396
2020-01-23,0.3,9.0,0.5,2.5,160.0,0.9,84.3,997.5,15309.34653757234
2020-01-24,-1.7,10.2,0.525,3.3,160.0,0.0,84.9,1004.2,20000.0
2020-01-28,-0.8,10.9,0.0,3.9,20.0,-0.1,68.9,991.7,16544.22348484849
2020-01-29,-3.3,9.1,0.1,2.4,340.0,-1.5,75.5,990.1,23089.01702495368
2020-01-30,-1.2,8.0,0.0,4.0,320.0,-1.5,75.3,989.4,20608.25083267816
2020-01-31,-1.5,6.8,0.05,5.3,290.0,-1.6,78.1,993.7,25244.80756043369
2020-02-01,-3.1,5.1,0.1,7.6,290.0,-3.3,64.8,997.8,24657.00085760652
2020-02-03,-2.1,4.0,0.2,7.1,290.0,-9.3,47.8,999.2,24017.73221182348
2020-02-04,-8.8,5.0,0.25,7.4,320.0,-9.1,54.4,999.3,22213.80885445062
2020-02-05,-8.3,1.0,0.3,9.8,290.0,-16.5,42.0,1002.2,21144.74179571648
2020-02-06,-13.3,2.9,3.2,6.3,320.0,-14.3,52.5,1006.2,21502.00277995014
2020-02-07,-9.8,3.0,6.1,8.5,290.0,-10.4,57.6,1001.6,20596.53497113011
2020-02-08,-1.1,4.2,9.0,6.3,290.0,-8.0,52.6,999.5,19149.87226261918
2020-02-10,-2.6,8.9,14.8,7.1,290.0,-5.5,54.3,997.6,26005.44405068646
2020-02-11,-6.6,12.1,17.7,3.0,320.0,-5.8,56.8,1002.3,24967.99725380007
2020-02-12,1.5,8.0,20.6,2.6,320.0,3.7,90.0,992.6,25643.4139911027
2020-02-13,1.8,13.2,0.3,7.1,290.0,4.0,75.0,992.6,14923.78933393095
2020-02-14,0.1,15.8,0.7,3.2,320.0,1.5,75.0,995.3,25170.78679119968
2020-02-15,1.6,14.5,1.1,3.3,320.0,4.6,80.4,994.0,30065.23585299803
2020-02-17,-6.5,-2.9,0.0,9.2,290.0,-10.4,63.9,989.7,24715.81813458477
2020-02-18,-8.6,1.5,0.025,8.1,290.0,-11.8,51.1,999.3,25130.93479811887
2020-02-19,-7.1,8.2,0.05,6.7,320.0,-7.3,55.3,1003.2,23858.17392737552
2020-02-20,-3.6,11.8,0.075,5.3,320.0,-4.3,61.0,1007.2,19662.80211500803
2020-02-21,-3.3,12.4,0.1,5.5,160.0,-2.2,62.0,1004.6,24226.30769187
2020-02-22,0.9,8.5,2.6,10.3,290.0,-3.6,57.4,997.2,21843.9933865298
2020-02-24,-5.2,14.9,21.6,6.7,290.0,-8.2,45.5,998.6,22724.26646164747
2020-02-25,3.1,6.5,31.1,3.5,290.0,4.5,96.6,993.2,30086.38061633837
2020-02-26,1.4,10.6,0.0,3.6,160.0,2.9,83.6,997.4,27113.73182402025
2020-02-27,-1.2,7.7,0.5,2.9,340.0,-0.1,81.6,1002.9,28724.09199207922
2020-02-28,-1.8,3.0,2.2,2.2,320.0,0.7,94.8,998.4,28130.56718265003
2020-02-29,1.2,12.2,1.5,3.2,320.0,2.5,85.4,992.8,30766.07371454419
2020-03-02,1.4,8.6,0.1,7.9,290.0,-3.2,59.6,996.2,29331.984025464
2020-03-03,-1.1,10.9,0.05,4.3,320.0,0.2,71.4,998.9,30227.80585289232
2020-03-04,-0.5,7.6,0.0,11.1,290.0,-5.1,56.4,994.2,25794.01368243499
2020-03-05,-2.4,7.2,0.0,7.3,290.0,-8.4,48.6,997.9,29751.86819327367
2020-03-06,-6.9,12.9,0.0,5.4,320.0,-9.1,51.3,996.3,21554.69430927474
2020-03-07,-2.2,10.5,0.0,2.8,320.0,-3.0,60.1,993.1,24277.76553284708
2020-03-09,-1.0,15.3,0.0,3.0,320.0,2.2,70.0,989.4,31375.7001302509
2020-03-10,4.8,9.6,4.6,7.9,290.0,5.2,85.4,980.6,25356.27857820403
2020-03-11,0.9,8.0,3.68,8.0,290.0,-6.5,48.8,990.7,25708.67070804766
2020-03-12,-4.2,14.7,2.76,6.6,290.0,-6.6,43.9,995.9,28027.00901431037
2020-03-13,2.5,12.5,1.84,8.3,290.0,-6.3,40.3,994.0,26832.48963997772
2020-03-14,-1.3,9.2,0.92,7.4,290.0,-8.6,39.5,988.8,26160.14427214777
2020-03-16,-0.4,10.5,0.05,6.4,320.0,-8.3,41.4,994.7,30731.822373078
2020-03-17,1.7,9.7,0.1,9.1,290.0,-0.8,63.8,990.1,27620.07806148666
2020-03-18,-2.1,17.7,0.866666667,5.1,320.0,-2.2,52.5,988.6,22338.04744931309
2020-03-19,-0.5,15.4,1.633333333,11.2,290.0,-3.5,51.4,980.9,27015.6729061732
2020-03-20,4.3,15.6,2.4,10.9,290.0,-5.9,35.5,987.6,25972.43574247971
2020-03-21,3.1,22.7,3.166666667,8.5,270.0,1.2,42.5,985.9,24750.40774897172
2020-03-23,-0.5,16.5,4.7,8.2,290.0,-1.9,56.1,991.8,27231.19423223838
2020-03-24,-1.8,16.8,5.466666667,4.4,160.0,-1.5,56.5,995.5,28522.22132405739
2020-03-25,-0.5,19.4,6.233333333,3.5,140.0,0.1,55.4,995.7,23924.87669728003
2020-03-26,3.5,20.7,7.0,4.8,180.0,6.0,70.6,991.7,28915.86667468297
2020-03-27,7.5,16.7,4.3,8.5,290.0,9.1,83.0,987.2,28301.79541488823
2020-03-28,2.1,11.5,4.03125,6.6,320.0,-0.3,60.9,994.7,26302.94086689124
2020-03-30,0.6,17.1,3.49375,3.6,320.0,1.5,64.9,995.4,33300.4704624712
2020-03-31,0.0,19.5,3.225,3.9,320.0,0.4,52.9,991.9,34607.83789372654
2020-04-01,5.5,19.0,2.95625,7.6,290.0,-0.7,45.3,987.9,32249.93837811653
2020-04-02,0.0,17.1,2.6875,7.0,320.0,-5.8,39.9,995.6,35640.46467000089
2020-04-03,3.1,17.6,2.41875,6.7,290.0,-8.2,26.1,994.5,31852.26435742067
2020-04-04,0.7,15.3,2.15,9.2,320.0,-3.5,44.1,992.6,31392.18963904913
2020-04-06,-3.5,17.3,1.6125,6.1,320.0,-6.8,38.6,994.3,35476.67716461287
2020-04-07,4.5,18.1,1.34375,7.9,320.0,-1.5,39.0,989.4,32984.25493490192
2020-04-08,2.3,15.0,1.075,8.3,290.0,-6.9,37.0,991.7,35730.22564600866
2020-04-09,-1.1,15.4,0.80625,7.4,320.0,-2.9,54.6,996.4,34835.2633409716
2020-04-10,4.0,14.2,0.5375,3.1,320.0,-0.9,51.5,999.7,33172.12624053774
2020-04-11,1.9,14.3,0.26875,3.6,320.0,-0.7,51.6,993.8,37097.90384773022
2020-04-13,1.3,16.5,2.06,6.8,340.0,-4.9,41.1,988.1,33812.82017004592
2020-04-14,-2.3,21.0,4.12,8.2,320.0,-7.4,33.9,990.6,35957.77932480325
2020-04-15,2.2,21.4,6.18,7.5,140.0,-2.3,38.4,989.3,39692.48714978073
2020-04-16,3.6,20.0,8.24,3.9,320.0,2.9,58.5,994.2,38674.95879129517
2020-04-17,6.6,11.9,10.3,2.8,320.0,6.9,87.9,989.8,42452.94719076265
2020-04-18,5.3,16.7,1.0,7.0,320.0,6.0,72.5,990.6,30286.66666666666
2020-04-20,8.0,15.5,0.0,9.7,290.0,5.1,71.0,984.7,41367.77299700537
2020-04-21,3.7,12.8,0.0,11.3,290.0,-3.9,46.0,987.3,46073.90146310724
2020-04-22,3.5,9.5,0.0,11.1,290.0,-5.2,45.1,988.9,43795.67820905868
2020-04-23,3.6,13.4,0.0,9.9,290.0,-4.9,43.0,989.3,38846.72708858112
2020-04-24,4.3,16.3,0.0,8.7,320.0,-4.4,41.0,988.3,42509.61164731094
2020-04-25,0.7,22.5,0.0,6.9,320.0,0.6,49.0,985.0,26031.24241480362
2020-04-27,2.1,17.2,0.0,7.5,320.0,0.8,58.9,994.5,42723.73467638711
2020-04-28,1.2,20.2,0.0,8.3,320.0,-1.1,46.8,994.2,46555.51645842203
2020-04-29,6.3,23.5,0.0,7.1,290.0,1.7,41.1,993.7,44359.52565063594
2020-04-30,8.7,25.3,0.0,6.7,320.0,4.9,42.1,990.6,42524.43147514096
2020-05-01,12.1,30.0,0.0,5.7,320.0,12.2,57.8,988.1,41626.8731846876
2020-05-02,19.5,26.4,0.0,7.7,320.0,14.8,63.1,986.5,36086.17081299533
2020-05-04,13.0,26.5,3.65,6.3,290.0,13.5,73.5,983.6,43483.22247199852
2020-05-05,10.2,19.6,2.5,3.0,320.0,11.4,81.9,987.8,49149.35110683404
2020-05-06,7.9,26.0,2.5,5.3,160.0,8.2,68.1,990.1,55613.56696735789
2020-05-07,5.6,23.0,2.5,4.6,160.0,3.0,52.8,994.9,43237.02533601552
2020-05-08,6.8,23.2,2.5,4.5,160.0,4.9,51.3,991.4,47843.67565959568
2020-05-09,13.3,15.3,57.2,2.0,110.0,14.4,99.3,982.7,30389.58031487583
2020-05-11,11.2,23.6,0.0,9.3,320.0,7.2,52.9,982.4,44069.82864877975
2020-05-12,12.7,22.0,0.2,7.5,290.0,6.7,54.6,979.8,49419.73642931489
2020-05-13,10.8,22.4,11.63333333,9.5,290.0,3.4,44.6,990.1,51739.07514100026
2020-05-14,6.9,25.0,23.06666667,3.6,320.0,6.7,53.8,992.2,46210.14511491824
2020-05-15,12.6,16.3,34.5,3.0,320.0,11.9,89.1,987.1,42535.60038110211
2020-05-16,13.0,23.6,33.2,4.0,290.0,14.5,83.1,982.1,45775.0
2020-05-18,15.1,22.4,30.6,4.6,160.0,14.6,82.8,976.8,41899.17981025473
2020-05-19,9.3,16.4,12.8,6.6,290.0,8.4,75.8,974.9,60216.18808433791
2020-05-20,7.9,16.6,8.533333333,4.7,320.0,6.5,71.5,986.3,49809.87764514521
2020-05-21,5.9,21.2,4.266666667,3.6,160.0,8.6,72.5,990.9,55860.94333886934
2020-05-22,11.5,21.8,0.0,2.4,160.0,11.1,75.8,990.1,51127.70877159439
2020-05-23,10.6,24.9,0.95,3.5,320.0,11.1,71.9,987.7,50896.1017608764
2020-05-25,11.4,22.9,0.95,5.6,290.0,12.1,70.8,986.6,52259.1970907423
2020-05-26,12.5,25.5,0.0,5.8,320.0,12.0,67.9,983.7,57294.09944093033
2020-05-27,13.7,24.7,0.0,6.2,290.0,8.9,55.3,983.7,54008.31520085706
2020-05-28,10.5,24.4,0.0,3.9,140.0,9.2,62.0,985.0,43427.40935966693
2020-05-29,10.0,26.6,0.0,6.4,320.0,10.7,67.5,990.8,53478.04623755041
2020-05-30,10.4,27.6,0.0,2.9,320.0,10.0,60.6,992.9,37469.64285714286
2020-06-01,17.5,25.1,0.0,8.2,320.0,9.6,52.4,984.5,55953.8879450356
2020-06-02,11.7,24.7,1.266666667,5.2,160.0,9.1,54.6,983.5,61233.35303550198
2020-06-03,16.1,27.8,2.533333333,5.2,290.0,15.1,68.8,979.5,59247.61674564143
2020-06-04,15.2,31.0,3.8,5.4,320.0,15.9,63.4,979.6,53728.45162694092
2020-06-05,19.0,31.0,5.066666667,5.1,290.0,14.6,57.0,982.8,58466.06431024674
2020-06-06,15.2,27.9,6.333333333,4.2,320.0,12.8,62.8,986.0,34417.67331932773
2020-06-08,16.5,32.0,8.866666667,3.4,140.0,17.6,65.6,990.0,59137.60329091552
2020-06-09,18.2,33.5,10.13333333,4.4,140.0,18.2,63.8,989.7,55780.85594714579
2020-06-10,18.6,32.7,11.4,3.9,160.0,18.1,69.1,985.1,45883.12466911587
2020-06-11,19.4,30.4,15.2,3.5,270.0,20.3,77.9,979.4,65921.5760529206
2020-06-12,18.2,27.7,3.2,3.1,290.0,20.2,86.0,981.5,55215.96774291451
2020-06-13,18.2,30.0,0.1,3.6,160.0,18.4,74.5,981.2,38972.88961038961
2020-06-15,16.1,27.4,4.416666667,5.9,290.0,14.5,61.8,981.7,64309.38337142088
2020-06-16,16.7,28.7,3.733333333,5.2,320.0,14.2,60.6,982.2,58421.37192168459
2020-06-17,14.4,28.0,3.05,4.2,160.0,15.6,71.0,981.7,68678.07159709925
2020-06-18,17.5,22.4,2.366666667,4.8,140.0,16.0,77.4,979.7,65188.21617846188
2020-06-19,16.5,28.2,1.683333333,2.5,140.0,15.8,73.8,982.5,57528.35037230556
2020-06-22,16.0,32.7,6.35,3.1,340.0,17.3,68.9,984.6,61746.04762181661
2020-06-23,17.6,32.0,9.025,3.2,320.0,17.0,65.8,985.4,66829.72654154431
2020-06-24,18.1,23.5,11.7,2.7,320.0,17.0,81.1,982.4,57890.06232127844
2020-06-25,18.1,22.2,1.5,2.5,290.0,19.6,95.4,978.7,42659.12086154102
2020-06-26,18.9,26.2,0.75,6.9,320.0,17.6,79.5,981.9,57572.75902248127
2020-06-27,18.7,27.3,0.0,4.6,160.0,18.3,78.5,981.3,54000.0
2020-06-29,16.7,25.1,43.1,3.4,110.0,18.4,86.0,979.9,62709.42257366666
2020-06-30,17.8,23.1,50.0,4.2,290.0,18.3,89.5,968.2,76145.92586679054
2020-07-01,15.3,21.8,4.5,6.0,320.0,15.6,82.8,980.4,71132.13884220355
2020-07-02,13.5,27.9,2.25,3.3,140.0,15.8,73.4,987.5,70756.59588780638
2020-07-03,16.3,23.4,0.0,2.6,290.0,16.2,81.3,987.8,56886.53128478711
2020-07-04,16.3,26.4,1.0,2.7,160.0,16.8,78.9,983.2,44057.20338983051
2020-07-06,16.5,28.0,2.2,3.0,180.0,18.9,82.4,977.9,75324.77244871607
2020-07-07,20.4,27.7,6.125,5.9,320.0,19.3,78.0,979.7,79221.75447668522
2020-07-08,18.7,30.0,10.05,4.3,160.0,18.7,74.0,980.8,60292.06609172042
2020-07-09,19.3,30.4,13.975,4.6,160.0,19.0,72.1,981.5,51308.32709146298
2020-07-10,20.6,28.5,17.9,3.2,290.0,20.9,86.6,978.5,69642.64882376912
2020-07-13,16.4,19.0,92.9,2.4,290.0,17.1,97.4,981.2,44895.10256099813
2020-07-14,17.1,21.9,1.2,2.1,140.0,17.5,91.8,979.3,62560.36052154498
2020-07-15,17.0,23.2,3.8,1.7,180.0,17.3,89.9,982.0,68646.0205122465
2020-07-16,17.7,28.0,2.9,2.9,160.0,18.5,82.5,983.2,68627.4362051187
2020-07-17,17.8,29.0,2.0,2.8,160.0,18.5,82.9,985.2,52593.01234861259
2020-07-18,16.3,27.1,1.1,2.7,320.0,17.8,81.6,986.1,43332.02247493723
2020-07-20,21.9,29.0,17.0,7.0,320.0,21.3,83.8,982.5,47399.81783437003
2020-07-21,20.5,29.9,24.65,7.9,320.0,20.1,76.1,987.6,40819.77394373569
2020-07-22,20.8,23.0,32.3,1.9,320.0,21.2,96.5,986.7,50897.849215038
2020-07-23,18.0,21.1,91.9,3.8,140.0,19.4,98.1,984.7,41610.32701348091
2020-07-24,17.8,22.4,37.9,3.6,320.0,19.3,98.4,975.4,46317.56106919542
2020-07-25,19.1,25.1,3.3,3.6,320.0,20.2,92.5,979.0,45971.5751924436
2020-07-27,20.2,24.9,2.3,2.8,160.0,20.8,93.4,985.6,42476.38243165365
2020-07-28,20.0,23.4,12.0,2.1,290.0,20.9,96.9,987.6,44364.07381401829
2020-07-29,20.1,22.7,60.4,2.3,320.0,21.3,98.6,989.6,42946.38780339041
2020-07-30,20.2,23.7,51.6,4.6,160.0,21.5,98.9,990.3,43175.55286146654
2020-07-31,20.2,30.0,0.0,5.0,290.0,21.9,85.0,989.8,34317.67013240901
2020-08-01,22.1,29.7,6.8,3.1,160.0,22.8,89.1,987.6,37209.92539976654
2020-08-03,21.5,27.2,5.2,6.0,290.0,22.7,95.5,985.7,24765.69827697807
2020-08-04,21.0,30.3,34.1,3.9,180.0,22.8,91.9,988.5,26591.83097175068
2020-08-05,21.9,27.2,15.1,2.0,50.0,23.6,97.1,989.4,26561.37464949107
2020-08-06,20.7,28.3,33.2,5.2,140.0,22.7,91.8,982.6,19446.77320169733
2020-08-07,19.8,23.5,8.2,2.7,140.0,20.9,97.1,983.7,29619.31078018147
2020-08-08,20.2,23.0,26.0,1.7,290.0,21.5,99.9,980.9,29916.4043444897
2020-08-10,22.2,26.7,48.3,3.6,160.0,23.5,98.3,981.4,35149.52974380975
2020-08-11,22.3,26.8,62.2,4.0,140.0,22.9,95.9,986.2,46924.15349028644
2020-08-12,21.8,29.6,0.5,3.2,160.0,24.1,94.9,989.1,50882.56226527556
2020-08-13,22.7,31.7,1.666666667,2.9,160.0,23.9,86.6,986.3,45104.2570210864
2020-08-14,22.9,31.9,2.833333333,3.7,50.0,24.0,82.9,982.5,48293.40023949205
2020-08-15,23.0,31.7,4.0,5.4,70.0,23.9,88.0,985.1,48409.07325963808
2020-08-17,22.0,32.6,4.457142857,5.4,290.0,21.8,74.0,989.6,40851.40985586424
2020-08-18,20.6,32.4,4.685714286,4.7,290.0,21.7,80.3,988.8,43455.94014684937
2020-08-19,20.1,32.9,4.914285714,6.4,160.0,20.9,75.9,987.0,57591.69643045979
2020-08-20,20.2,32.8,5.142857143,4.1,140.0,22.6,83.5,988.6,50729.81155333768
2020-08-21,21.7,31.1,5.371428571,3.6,180.0,22.5,80.6,990.6,44495.03557891665
2020-08-22,21.6,27.0,5.6,4.3,340.0,21.8,86.4,989.2,42875.89444585995
2020-08-24,19.5,30.8,2.766666667,3.1,160.0,21.2,80.9,982.5,40065.98657611272
2020-08-25,21.5,33.0,3.633333333,3.2,320.0,22.9,82.1,982.5,43044.58663575788
2020-08-26,23.4,31.5,4.5,6.6,110.0,23.3,82.9,981.5,40933.80964747902
2020-08-27,23.7,29.2,14.2,3.9,50.0,24.5,94.9,980.6,41252.34016020792
2020-08-28,23.4,31.5,16.4,3.4,50.0,24.4,88.6,984.3,42403.0570997964
2020-08-29,23.4,30.9,22.2,2.7,320.0,24.2,91.4,986.2,55776.23261742028
2020-08-31,20.0,27.5,0.3,3.1,290.0,21.4,90.0,990.0,39578.96275420919
2020-09-01,19.2,27.3,0.0,2.3,320.0,20.7,87.4,986.9,37925.47152525678
2020-09-02,22.3,25.1,15.1,3.1,320.0,22.9,96.4,979.3,43071.74573889239
2020-09-03,17.5,26.3,29.8,10.9,270.0,18.2,77.1,971.5,45682.55409955583
2020-09-04,15.1,27.4,14.95,4.5,320.0,16.2,79.5,989.0,48421.09670895058
2020-09-05,16.6,23.7,0.1,2.4,290.0,17.2,88.5,990.7,43557.45460012345
2020-09-07,18.1,24.4,35.8,9.8,340.0,17.5,80.0,966.3,43232.28902535762
2020-09-08,15.6,26.7,0.0,5.7,250.0,16.2,73.6,985.4,44956.76550509539
2020-09-09,15.6,25.9,1.3,3.5,320.0,17.2,85.3,986.4,43679.94594748914
2020-09-10,15.4,24.8,0.1,2.7,160.0,17.5,89.6,986.0,49268.52186792214
2020-09-11,16.7,23.7,0.2,2.6,320.0,16.8,84.1,991.1,49278.97900689413
2020-09-12,16.2,23.4,8.6,3.0,290.0,16.6,88.0,990.8,49706.56306979954
2020-09-14,15.1,25.2,2.866666667,5.5,320.0,15.6,81.4,990.2,44650.12566550783
2020-09-15,15.0,26.5,0.0,2.6,160.0,16.3,81.8,989.4,48604.95280751112
2020-09-16,18.3,23.7,2.2,2.8,160.0,18.1,91.3,986.6,41259.01745698357
2020-09-17,16.7,22.4,0.0,3.7,290.0,17.3,88.5,986.1,42076.92523219699
2020-09-18,12.9,23.1,0.35,5.9,290.0,12.8,68.1,988.6,43302.36572204329
2020-09-19,12.0,22.9,0.7,4.7,320.0,13.5,84.9,991.1,44591.62869344053
2020-09-21,7.8,22.4,0.592307692,2.8,320.0,10.3,76.8,994.4,42921.78585685194
2020-09-22,11.0,22.6,0.538461538,2.9,320.0,11.4,78.1,995.0,47742.46305514545
2020-09-23,9.6,22.5,0.484615385,3.7,320.0,11.6,79.4,993.9,47668.88290083045
2020-09-24,12.1,23.3,0.430769231,3.0,320.0,12.4,76.1,990.9,47973.44707826903
2020-09-25,12.0,24.3,0.376923077,4.4,20.0,12.1,74.9,988.6,47245.46376140067
2020-09-26,11.0,23.8,0.323076923,4.2,20.0,12.0,77.0,991.8,43318.81864870753
2020-09-27,10.3,23.7,0.269230769,2.8,320.0,11.8,80.6,994.6,48166.66666666666
2020-09-28,8.1,23.5,0.215384615,2.9,320.0,11.1,81.4,993.1,42685.6579696755
2020-09-29,8.6,23.9,0.161538462,3.1,320.0,11.7,79.5,987.4,43793.64111655706
2020-09-30,10.8,23.2,0.107692308,2.5,320.0,12.1,78.0,986.9,53765.91680814941
2020-10-05,7.5,17.3,0.0857142857,6.9,290.0,3.8,57.4,992.3,48381.1279954671
2020-10-06,3.7,19.9,0.0714285714,4.9,320.0,5.1,70.3,997.0,56635.46528005056
2020-10-07,8.1,21.1,0.0571428571,4.3,320.0,8.9,75.0,1001.5,55707.82086771676
2020-10-08,7.0,21.1,0.0428571429,5.1,340.0,6.3,68.9,1002.6,56023.71765254602
2020-10-09,7.3,21.6,0.0285714286,4.8,340.0,7.9,71.9,999.3,52274.80676977321
2020-10-10,6.2,21.3,0.0142857143,3.0,320.0,9.1,75.8,995.4,49372.08367557114
2020-10-12,10.2,21.4,0.0,5.9,290.0,10.8,79.6,990.2,43120.51871680035
2020-10-13,6.8,18.2,0.0,6.1,290.0,6.2,70.4,995.2,43844.60730852108
2020-10-14,5.3,17.7,0.0,5.9,320.0,5.4,72.4,999.3,39215.88960291965
2020-10-15,3.2,18.8,0.0,4.4,140.0,2.0,60.1,1000.1,43674.94707090473
2020-10-16,3.4,16.4,0.0,2.2,140.0,5.9,77.0,998.6,37908.33167563433
2020-10-17,4.2,19.0,0.0,5.9,290.0,4.9,72.5,997.9,40864.17623669223
2020-10-19,2.5,20.7,0.0,3.6,140.0,5.0,73.1,1000.1,38780.62834655404
2020-10-20,3.3,21.3,0.0,3.0,290.0,5.2,74.1,1001.5,41481.16346611513
2020-10-21,5.1,16.1,0.0,2.9,320.0,8.1,87.4,995.4,38764.67903657285
2020-10-22,4.7,18.0,0.181818182,7.8,320.0,6.9,79.0,988.5,39101.78580651044
2020-10-23,6.2,13.5,0.363636364,6.8,290.0,-1.2,49.8,988.3,42046.16246692723
2020-10-24,4.5,12.6,0.545454545,8.0,290.0,-3.7,42.4,991.7,40568.43998042325
2020-10-26,0.6,19.3,0.909090909,4.8,320.0,3.3,67.3,994.8,43936.09109376549
2020-10-27,2.1,19.7,1.090909091,4.5,290.0,5.4,71.9,995.9,41782.00519542631
2020-10-28,9.1,19.3,1.272727273,6.2,290.0,4.4,52.4,996.5,42394.51123943951
2020-10-29,0.1,17.2,1.454545455,3.5,320.0,-0.3,56.9,998.3,41272.01335735832
2020-10-30,0.5,18.5,1.636363636,3.1,320.0,2.8,69.8,1000.8,43505.80741461115
2020-10-31,0.8,16.3,1.818181818,3.3,320.0,5.1,80.8,1000.6,39088.73571580171
2020-11-02,0.7,16.0,1.15,5.4,290.0,1.7,67.6,994.7,41252.10333180455
2020-11-03,0.6,8.2,0.3,12.4,290.0,-6.4,44.0,994.0,37334.22404293474
2020-11-04,-1.1,9.3,0.342857143,8.0,290.0,-10.5,37.6,998.7,46367.72326096035
2020-11-05,-4.4,14.9,0.385714286,3.0,140.0,-2.3,58.1,1001.9,38806.07052995686
2020-11-06,6.2,14.7,0.428571429,2.6,320.0,3.2,65.5,997.2,43377.78141489238
2020-11-07,4.6,19.4,0.471428571,8.0,290.0,3.6,60.4,992.7,41353.36613499495
2020-11-09,1.5,10.0,0.557142857,7.1,290.0,-7.6,38.1,999.0,39855.9596763087
2020-11-10,1.8,12.3,0.6,5.9,290.0,-4.2,46.3,1002.1,32351.27954644209
2020-11-11,-2.8,15.0,0.642857143,3.2,320.0,-3.3,61.3,1006.8,34494.68740599614
2020-11-12,-3.4,17.7,0.685714286,3.1,140.0,-2.3,60.3,1005.0,31946.53395635524
2020-11-13,-0.6,17.3,0.728571429,5.2,320.0,1.5,67.4,1003.1,40393.65609244377
2020-11-14,1.3,17.4,0.771428571,3.2,320.0,3.8,76.6,1005.2,30028.70878037453
2020-11-16,2.5,18.0,0.857142857,4.9,320.0,4.3,74.3,1001.7,34412.09539706284
2020-11-17,6.0,18.6,0.9,2.7,160.0,9.8,84.5,1000.7,34931.22154307362
2020-11-18,12.7,19.2,1.3,2.0,290.0,14.3,94.9,994.3,31526.73702312276
2020-11-19,9.7,19.9,32.0,9.2,290.0,12.5,87.4,984.0,40853.15882761329
2020-11-20,-0.4,10.0,22.53333333,8.6,290.0,1.0,76.4,991.9,37196.74038880948
2020-11-21,-2.6,10.4,13.06666667,2.7,320.0,0.9,78.9,999.3,27224.62565679556
2020-11-23,-1.4,6.8,3.704761905,7.9,290.0,-4.8,57.9,1000.6,38076.98895804041
2020-11-24,-2.1,9.0,3.80952381,6.1,140.0,-3.5,66.4,1001.9,38995.82559437655
2020-11-25,-3.0,9.6,3.914285714,6.3,290.0,-2.2,66.6,1000.8,35336.87467216263
2020-11-26,-0.4,12.3,4.019047619,4.8,160.0,0.2,73.4,1000.8,47000.83384626135
2020-11-27,1.4,8.9,4.123809524,8.8,290.0,-2.1,59.9,998.3,41320.51466317251
2020-11-28,-0.9,4.2,4.228571429,7.4,290.0,-8.8,48.9,1001.3,41064.30187186242
2020-11-30,-1.6,4.7,4.438095238,6.8,290.0,-9.2,47.3,1007.2,43861.2095064954
2020-12-01,-7.4,7.7,4.542857143,5.1,160.0,-8.9,55.6,1008.2,43590.24950560516
2020-12-02,-2.6,8.6,4.647619048,6.5,290.0,-6.4,55.3,1003.6,46182.65115432291
2020-12-03,-1.2,5.6,4.752380952,6.9,290.0,-10.7,39.0,1001.9,44751.71045685477
2020-12-04,-8.0,5.3,4.857142857,7.0,290.0,-10.1,52.9,1003.0,44126.64685829532
2020-12-05,-6.3,6.3,4.961904762,6.4,290.0,-5.7,61.3,1003.2,38983.38867554688
2020-12-07,-1.7,7.2,5.171428571,7.1,290.0,-5.1,58.8,1000.8,44742.92719191904
2020-12-08,-6.3,4.9,5.276190476,8.0,290.0,-12.9,39.8,1001.6,50270.19126095095
2020-12-09,-9.5,6.5,5.380952381,5.0,160.0,-10.3,53.9,1000.2,37546.33604558305
2020-12-10,-0.3,8.9,5.485714286,7.1,320.0,-3.1,60.1,996.5,40960.15809523334
2020-12-11,-1.2,9.2,5.59047619,6.9,290.0,-1.7,69.4,993.6,38077.20658011577
2020-12-12,0.6,7.1,5.695238095,6.9,290.0,-7.4,44.8,991.9,39513.06401481465
2020-12-14,-9.0,-4.5,5.272727273,7.4,290.0,-16.5,47.6,999.8,40365.65384614877
2020-12-15,-11.2,-5.3,4.745454545,7.6,290.0,-19.9,39.1,1002.1,51487.81939106681
2020-12-16,-10.2,-4.7,4.218181818,8.8,290.0,-19.7,37.8,1002.2,42083.04565674529
2020-12-17,-14.2,-1.5,3.690909091,7.8,290.0,-17.7,43.6,1003.1,44342.91587766656
2020-12-18,-9.3,1.1,3.163636364,5.45,268.88,5.45,69.97,991.55,37993.2227043875
2020-12-19,-7.6,-1.6,2.636363636,8.3,290.0,-16.2,40.5,1004.4,37032.13451734039
2020-12-21,-8.8,3.1,1.581818182,6.9,290.0,-9.1,58.8,1002.2,44444.12341365038
2020-12-22,-8.1,4.0,1.054545455,7.4,320.0,-5.4,74.8,1000.1,54556.21264488769
2020-12-23,-7.2,7.9,0.527272727,6.1,160.0,-3.3,75.1,997.1,45259.7045005106
2020-12-24,-1.3,7.0,0.0,8.7,290.0,-4.9,61.6,991.1,45215.84598287871
2020-12-25,-6.0,2.2,0.0,9.1,290.0,-11.0,47.6,996.2,44030.94980792178
2020-12-26,-5.6,6.3,0.0,4.9,140.0,-5.7,70.6,999.1,46604.13276710734
2020-12-28,-3.8,9.9,0.0,3.0,320.0,-2.0,78.5,998.1,43207.28577898999
2020-12-29,-4.8,7.8,0.0,7.8,290.0,-3.4,77.8,993.7,49152.34146258003
2020-12-30,-11.4,-0.8,0.0,10.0,290.0,-17.0,51.9,992.7,41466.79088267887
2020-12-31,-14.3,-3.9,0.0,9.5,290.0,-16.4,53.1,997.5,41869.09724896833
2021-01-04,-10.8,2.6,0.0,7.2,320.0,-13.0,47.6,1004.2,47302.95816245977
2021-01-05,-7.5,0.6,0.0,9.5,290.0,-14.1,45.5,1001.0,51088.12669644358
2021-01-06,-12.3,-2.9,0.0,7.7,290.0,-17.5,47.6,996.3,59281.12627865975
2021-01-07,-14.4,-6.5,0.9,11.7,290.0,-24.5,36.6,995.5,55845.75054247422
2021-01-08,-17.0,-9.4,0.72,9.0,290.0,-23.6,40.8,995.0,61833.44676868644
2021-01-09,-15.0,-7.2,0.54,8.0,290.0,-21.3,41.9,995.7,70717.3565159674
2021-01-11,-14.0,-3.6,0.18,2.8,160.0,-13.9,66.0,999.4,54557.25276080085
2021-01-12,-14.6,2.1,0.0,4.1,160.0,-11.1,66.9,991.9,66152.32583190045
2021-01-13,-4.6,8.6,0.02,5.9,270.0,-3.4,67.0,990.1,49592.65317500347
2021-01-14,-3.4,9.3,0.04,7.1,320.0,-8.8,49.5,996.4,57233.47144762451
2021-01-15,-4.5,11.4,0.06,8.9,290.0,-3.4,65.0,991.3,48757.30203510931
2021-01-16,-5.9,4.1,0.08,7.1,290.0,-9.6,56.3,996.6,50479.62329040154
2021-01-18,-10.6,0.7,5.0,10.5,290.0,-9.3,74.4,994.3,47699.99435416462
2021-01-19,-15.6,-1.1,4.0,3.6,320.0,-15.5,58.9,1005.0,50812.44190230019
2021-01-20,-14.4,4.1,3.0,3.1,320.0,-11.5,67.0,1004.7,55074.45952404988
2021-01-21,-8.9,7.1,2.0,2.9,320.0,-4.8,76.6,998.7,59583.71208648433
2021-01-22,1.9,11.0,0.6,2.7,320.0,4.1,92.6,994.2,56870.39973747969
2021-01-23,1.5,9.4,1.075,5.7,140.0,2.3,84.1,995.9,53901.63739267576
2021-01-25,-2.6,10.4,2.025,3.5,320.0,-0.5,82.1,1002.0,56541.95353925004
2021-01-26,0.1,6.4,2.5,5.9,290.0,2.1,87.0,994.0,50587.42504665891
2021-01-27,-2.4,7.4,1.4,6.7,290.0,-6.5,53.0,996.1,45995.54721108406
2021-01-28,-8.1,3.9,0.3,11.9,290.0,-9.7,63.3,989.1,49089.25704869327
2021-01-29,-11.2,-3.9,2.0,11.0,290.0,-20.9,34.1,996.8,49250.97817464524
2021-01-30,-10.3,5.0,3.7,8.2,290.0,-11.5,49.3,999.5,40938.77098547245
2021-02-01,-1.7,8.0,7.1,8.3,290.0,1.3,88.9,990.7,45297.17091760718
2021-02-02,-5.6,3.2,3.55,9.9,290.0,-16.2,39.4,996.2,40619.72502176267
2021-02-03,-8.3,1.0,0.0,7.8,290.0,-14.7,46.0,998.5,44210.70988979118
2021-02-04,-4.1,1.2,0.4,9.6,290.0,-13.6,43.0,998.0,47014.11138588865
2021-02-05,-7.4,6.6,0.39,6.4,160.0,-9.3,49.6,995.4,45641.52281382005
2021-02-06,-3.1,11.0,0.38,6.3,180.0,-3.5,61.5,990.2,40854.59435717958
2021-02-08,-4.2,1.1,0.36,8.5,290.0,-14.4,39.5,998.9,45548.89548582923
2021-02-09,-5.8,3.9,0.35,8.3,290.0,-12.9,39.9,1000.7,44997.44199937112
2021-02-10,-5.5,6.2,0.34,8.2,290.0,-4.7,62.1,999.0,53665.1087624257
2021-02-15,-3.8,8.5,0.3,11.9,320.0,-3.6,65.8,982.9,32963.9064798823
2021-02-16,-7.8,-1.9,0.1,10.1,290.0,-12.9,52.8,988.5,44579.66187707297
2021-02-17,-10.1,-5.3,0.0916666667,10.3,290.0,-18.1,45.4,988.6,55774.86362377596
2021-02-18,-10.8,-2.5,0.0833333333,8.5,290.0,-16.5,45.4,994.0,60944.19338740069
2021-02-19,-7.9,8.5,0.075,9.3,320.0,-7.4,55.8,990.8,60483.41582696047
2021-02-20,-0.9,15.0,0.0666666667,10.0,320.0,-2.5,56.5,984.6,56373.69765312024
2021-02-22,2.8,17.8,0.05,9.3,290.0,-1.0,47.0,987.4,53631.56612855111
2021-02-23,-1.4,7.0,0.0416666667,7.3,290.0,-14.0,29.6,997.6,57490.88265641707
2021-02-24,-3.5,10.6,0.0333333333,3.6,160.0,-8.0,49.8,999.6,44570.01174880896
2021-02-25,-3.8,9.0,0.025,2.6,320.0,-1.7,73.3,998.5,55829.42216524528
2021-02-26,-1.6,12.4,0.0166666667,5.3,320.0,-2.9,62.3,999.1,55796.54057537833
2021-02-27,-1.5,9.5,0.00833333333,5.7,320.0,-2.3,68.3,1005.4,66866.85412626588
2021-03-01,0.4,10.2,77.0,2.9,160.0,5.3,96.4,990.4,50641.99906750808
2021-03-02,-1.6,4.9,3.1,4.6,290.0,-1.6,81.0,998.2,62390.92013992302
2021-03-03,-3.1,7.0,2.05,2.9,140.0,-1.8,81.9,1004.2,57422.85255632683
2021-03-04,-1.7,9.3,1.0,4.6,160.0,1.0,84.3,999.5,52839.2137480399
2021-03-05,0.2,16.2,2.35,5.6,320.0,3.0,78.1,994.9,52999.6432541966
2021-03-06,1.7,10.2,3.7,4.1,110.0,-0.6,72.0,1003.0,54302.85549625608
2021-03-08,-1.9,13.4,6.4,4.4,160.0,-1.5,70.0,1001.6,40802.64268550756
2021-03-09,-0.2,13.9,7.75,7.5,290.0,-1.4,58.9,999.1,63741.40054236652
2021-03-10,-1.6,14.9,9.1,8.1,160.0,-1.3,61.6,1003.2,47100.52963163592
2021-03-11,-1.6,17.1,10.45,3.7,160.0,-0.1,63.1,1000.6,47235.82071331902
2021-03-12,5.2,9.2,11.8,2.8,290.0,4.3,81.8,996.3,52837.15081602066
2021-03-13,-0.2,15.1,8.85,5.4,290.0,2.0,69.0,995.3,31775.26457628042
2021-03-15,0.0,16.9,2.95,4.9,320.0,1.7,62.1,991.1,45121.16713830938
2021-03-16,7.2,16.0,0.0,9.5,290.0,-0.1,49.6,988.1,47056.31811894664
2021-03-17,-0.7,16.7,0.575,4.0,140.0,-0.2,59.9,994.1,49346.04116807574
2021-03-18,2.8,14.8,1.15,2.7,160.0,3.6,71.1,996.3,45152.63051804237
2021-03-19,5.9,15.2,1.725,4.8,160.0,3.1,63.8,996.2,49778.03906888018
2021-03-20,4.1,10.0,2.3,4.9,320.0,6.5,93.4,988.5,45369.66374358992
2021-03-22,1.5,10.5,7.05,8.6,290.0,-6.8,41.6,993.7,52583.33822728349
2021-03-23,-1.2,17.0,14.1,7.6,290.0,-3.6,43.5,995.1,48769.46724197998
2021-03-24,5.0,17.7,21.15,5.8,290.0,-3.0,38.6,994.8,46850.87229813931
2021-03-25,4.3,19.8,28.2,7.2,320.0,0.0,43.3,995.1,30184.03065090821
2021-03-26,2.0,21.7,35.25,3.8,160.0,-1.7,43.8,996.0,46467.27957292052
2021-03-27,5.0,16.2,42.3,2.7,320.0,6.2,80.5,988.3,51774.25811155669
2021-03-29,7.4,15.6,14.21666667,9.6,290.0,-0.4,46.3,981.8,46472.04036503641
2021-03-30,5.6,18.8,21.73333333,6.1,290.0,-4.3,33.1,986.7,45442.07133847709
2021-03-31,0.9,21.6,29.25,3.1,320.0,-0.3,51.5,990.3,49621.07799727469
2021-04-01,3.1,19.9,36.76666667,5.1,320.0,0.3,51.6,996.8,43634.78180196396
2021-04-02,5.4,20.4,44.28333333,3.7,140.0,4.8,55.8,996.8,43011.14614553465
2021-04-03,11.0,17.2,51.8,2.8,180.0,10.8,87.1,989.4,41715.8905965556
2021-04-05,-0.5,17.2,17.975,2.7,320.0,-0.9,61.3,997.1,46166.29900032131
2021-04-06,2.6,19.4,21.15,8.4,290.0,0.0,50.1,994.1,47245.870062696
2021-04-07,4.9,20.5,24.325,7.9,290.0,-0.2,41.4,993.3,44200.55926174948
2021-04-08,7.8,18.2,27.5,7.0,320.0,-1.0,39.5,992.3,41947.93879178984
2021-04-09,1.8,13.6,30.675,5.3,320.0,1.0,64.6,1001.3,46015.54340017085
2021-04-10,-0.2,17.2,33.85,3.7,320.0,1.2,64.6,1005.9,33641.80602006689
2021-04-12,7.6,14.0,40.2,2.3,320.0,6.3,79.5,995.5,47941.69804196028
2021-04-13,6.2,16.2,6.0,9.6,290.0,5.8,71.8,986.0,52516.50441270316
2021-04-14,4.1,14.7,4.1,8.6,290.0,-3.4,43.6,992.4,46381.7909262523
2021-04-15,0.9,16.9,2.2,6.3,160.0,-1.6,52.0,993.7,40251.68921401862
2021-04-16,3.8,16.5,0.3,6.2,320.0,4.7,70.0,991.5,46081.47635788049
2021-04-17,3.4,15.3,0.0,10.4,320.0,0.0,55.5,988.7,33871.52482736848
2021-04-19,4.4,20.1,0.0,9.5,290.0,0.0,39.4,991.1,40368.5473115357
2021-04-20,8.0,26.3,0.0,8.2,140.0,1.9,38.8,994.8,48141.06490907492
2021-04-21,6.9,27.3,0.0,3.6,320.0,5.2,51.8,997.1,56889.04655584207
2021-04-22,12.1,26.9,0.0,5.1,140.0,5.0,47.0,995.8,39572.29570887188
2021-04-23,10.0,17.8,0.0,3.7,320.0,2.0,45.1,996.9,39601.61712041305
2021-04-24,8.1,22.8,0.0,4.7,160.0,3.0,49.1,995.2,45742.43020869914
2021-04-26,1.3,19.7,0.0,3.9,320.0,0.7,54.9,997.4,40345.61492175006
2021-04-27,6.8,20.3,0.0,4.8,160.0,6.0,60.9,993.3,47640.2016431444
2021-04-28,9.8,20.1,0.0,7.7,320.0,3.3,48.1,990.8,56850.76273021399
2021-04-29,9.2,19.5,0.0,5.8,320.0,4.7,52.5,982.0,33825.26292226779
2021-04-30,8.8,15.3,5.7,8.2,320.0,6.7,75.3,979.4,40018.70483286402
2021-05-01,7.7,11.4,6.8,7.7,320.0,6.6,85.0,979.9,35448.52735901731
2021-05-03,3.7,21.9,11.45,7.4,320.0,3.2,55.9,992.5,41576.27128948565
2021-05-04,8.0,17.4,22.1,2.5,110.0,10.0,81.1,986.8,47188.38359684141
2021-05-05,11.0,19.1,2.9,10.4,290.0,1.9,45.8,986.5,46701.38073451402
2021-05-06,3.2,21.9,2.55,5.3,110.0,3.4,54.0,991.6,49921.82640218445
2021-05-07,6.3,19.1,2.2,9.2,320.0,5.0,60.4,982.3,40760.78642609737
2021-05-08,4.8,23.1,6.9,7.9,250.0,4.8,54.5,979.7,26542.17960776588
2021-05-10,6.8,13.6,16.3,5.6,290.0,8.1,90.8,989.8,59185.59875057553
2021-05-11,8.1,21.1,0.1,4.2,160.0,7.8,71.4,991.5,55873.646078427
2021-05-12,7.0,23.6,0.4,3.2,320.0,5.2,55.5,989.7,50636.06997821562
2021-05-13,8.4,28.4,0.7,3.1,320.0,10.9,67.0,987.6,47996.53064341851
2021-05-14,11.9,28.3,1.0,3.5,320.0,14.0,70.8,987.9,45829.04882901604
2021-05-15,16.6,20.4,1.3,1.9,320.0,17.5,93.9,984.0,35597.22222222222
2021-05-17,14.1,16.1,9.8,2.8,140.0,14.8,99.3,982.4,38385.40301548486
2021-05-18,13.8,22.2,7.4,4.3,140.0,14.5,87.0,985.8,42479.18881906683
2021-05-19,12.6,27.3,5.0,5.0,140.0,11.9,69.6,987.0,31545.03015090324
2021-05-20,14.0,19.4,2.6,5.4,320.0,12.7,81.1,981.9,43155.64838772769
2021-05-21,12.3,17.6,0.8,5.0,160.0,13.5,91.6,980.6,32846.95958579182
2021-05-22,10.3,23.7,1.2,7.1,290.0,12.5,69.4,985.1,28878.26086956522
2021-05-24,16.2,24.2,2.0,6.6,290.0,9.5,53.5,982.7,40623.46033819357
2021-05-25,8.3,19.1,2.4,9.7,320.0,6.7,68.3,982.5,39686.49730721467
2021-05-26,6.2,20.9,2.6,2.5,320.0,8.5,74.3,984.8,43247.43017394791
2021-05-27,11.4,19.8,2.8,6.5,320.0,11.7,83.8,977.9,43190.64590669823
2021-05-28,8.3,17.9,14.1,8.5,290.0,10.9,91.1,977.5,47254.58456160839
2021-05-29,11.2,22.2,0.0,8.6,290.0,9.8,68.3,981.6,43752.34375
2021-05-31,13.4,23.5,3.4,2.8,320.0,14.7,83.0,988.2,45962.36191485853
2021-06-01,13.7,26.4,10.8,4.4,320.0,15.1,77.1,990.4,40215.6070707079
2021-06-02,15.2,28.6,18.2,3.7,320.0,14.5,68.5,989.1,41305.31067806881
2021-06-03,13.9,19.7,25.6,3.2,320.0,16.0,94.9,980.9,33681.67507694347
2021-06-04,12.2,23.8,0.0,7.2,320.0,11.0,67.3,977.2,40965.52080513919
2021-06-05,9.4,27.1,0.05,3.5,320.0,11.5,66.5,977.6,31001.17224812393
2021-06-07,13.7,27.4,0.05,4.6,320.0,14.5,73.1,989.6,39809.88826545527
2021-06-08,16.5,29.4,0.0,2.8,160.0,15.8,68.5,991.4,39067.30320426002
2021-06-09,16.7,29.8,0.3,2.7,140.0,17.5,74.0,991.9,35944.24373525288
2021-06-10,17.0,28.3,0.6,2.9,160.0,16.4,71.5,989.4,38612.91685186157
2021-06-11,18.4,25.2,22.0,3.5,50.0,19.4,92.1,986.9,34338.40675557836
2021-06-12,16.1,29.6,16.775,2.6,180.0,18.6,80.1,988.0,38664.88832582583
2021-06-14,17.6,28.0,6.325,3.2,160.0,18.0,76.8,982.8,42716.6081374872
2021-06-15,18.7,22.7,1.1,2.8,320.0,17.9,87.3,982.0,33316.68839472387
2021-06-16,15.7,26.5,0.0,4.7,140.0,16.3,78.3,982.5,27478.80299693313
2021-06-17,14.9,21.3,0.0,2.2,320.0,15.7,85.4,983.2,31869.91507584578
2021-06-18,17.0,22.9,0.3,6.6,320.0,17.9,88.4,977.6,37851.38091109291
2021-06-19,15.5,29.0,0.15,4.8,70.0,15.2,66.1,976.8,21663.71853361807
2021-06-21,15.8,28.0,0.0,5.3,290.0,15.4,65.6,980.5,24754.52382098807
2021-06-22,16.9,21.9,13.1,3.1,140.0,16.6,89.0,985.9,25621.7031813792
2021-06-23,15.8,21.4,1.5,2.3,160.0,15.8,85.5,987.9,32173.90724447316
2021-06-24,15.7,26.6,0.75,3.7,320.0,17.1,80.0,987.7,27585.41276941203
2021-06-25,17.1,28.5,0.0,3.5,320.0,17.9,79.9,986.9,27729.02700660273
2021-06-26,18.3,25.8,7.4,4.6,320.0,18.3,86.4,986.9,24500.0
2021-06-28,17.7,26.6,2.1,3.7,290.0,18.1,88.4,982.6,29825.68377855069
2021-06-29,16.6,28.0,1.1,2.5,160.0,17.9,78.0,982.4,33756.18149997209
2021-06-30,19.6,26.1,0.1,2.5,320.0,19.5,87.4,984.0,33476.91359251388
2021-07-01,18.9,30.1,18.93333333,3.6,140.0,19.6,77.1,983.6,37534.92230621535
2021-07-02,18.1,28.2,37.76666667,3.3,320.0,18.4,79.5,986.4,39668.32875862037
2021-07-03,18.0,23.4,56.6,4.4,110.0,18.8,90.9,985.2,34592.89269692572
2021-07-05,20.9,25.8,1.2,6.1,140.0,19.3,80.8,985.9,29660.11374892851
2021-07-06,20.5,26.9,1.7,3.3,160.0,22.0,93.5,983.6,32964.39634199386
2021-07-07,20.7,25.9,58.5,2.0,160.0,22.2,94.5,984.2,20244.9980109361
2021-07-08,20.3,27.9,67.2,2.8,160.0,21.6,88.4,982.2,21378.16198293397
2021-07-09,19.8,26.8,33.2,2.8,160.0,21.1,91.0,982.2,24055.44808472072
2021-07-12,19.8,32.3,0.0,4.3,290.0,22.0,85.3,986.9,33005.494002265
2021-07-13,21.8,32.0,0.1,3.4,160.0,22.9,82.8,987.3,23631.08058137958
2021-07-14,22.3,32.3,0.2,3.1,320.0,23.7,84.9,989.2,29975.9949500125
2021-07-15,21.0,32.6,0.3,5.0,320.0,23.0,90.0,991.6,29252.62365157286
2021-07-16,20.5,32.4,0.15,3.8,160.0,21.7,83.0,991.6,22081.54492171452
2021-07-17,20.6,29.8,0.0,4.6,140.0,21.3,80.9,989.6,21045.96437456965
2021-07-19,21.2,30.6,0.0,2.5,140.0,21.9,82.6,990.3,25514.51528339177
2021-07-20,22.5,31.4,0.0,2.6,320.0,22.2,81.1,991.4,21793.05501325812
2021-07-21,20.1,33.8,0.0428571429,3.1,340.0,20.6,75.4,990.4,23279.99668430638
2021-07-22,19.5,32.9,0.0857142857,3.6,320.0,21.1,77.3,988.7,22450.57168578002
2021-07-23,20.3,33.4,0.128571429,3.2,160.0,21.0,74.8,986.9,25357.63082637126
2021-07-24,20.0,33.2,0.171428571,2.6,320.0,20.7,75.4,985.9,30169.74801243496
2021-07-26,20.2,33.4,0.257142857,2.8,320.0,20.8,75.5,982.5,25110.86804432454
2021-07-27,20.2,33.6,0.3,3.7,160.0,21.4,78.1,980.6,23666.07077953918
2021-07-28,20.9,34.0,0.325,4.3,140.0,21.1,74.0,980.2,22828.98785613622
2021-07-29,20.9,33.7,0.35,3.0,320.0,21.8,77.0,978.9,26308.13238705091
2021-07-30,21.8,32.8,0.375,2.8,340.0,22.7,80.8,977.8,24407.88064034627
2021-07-31,22.6,34.1,0.4,3.5,160.0,23.1,82.1,977.5,17320.75982206139
2021-08-02,22.6,29.9,9.7,5.8,290.0,23.5,89.5,980.5,22720.78942012206
2021-08-03,22.5,31.5,0.0,3.1,160.0,23.4,87.0,984.7,23000.11328654195
2021-08-04,22.6,32.9,0.0,5.3,320.0,23.6,82.6,985.5,23422.43008805297
2021-08-05,22.4,33.7,0.0,4.1,320.0,23.4,81.4,982.8,20883.12183631017
2021-08-06,22.8,34.4,0.0,6.0,160.0,22.8,78.4,980.3,24025.40909153294
2021-08-07,22.0,33.0,0.0,5.3,320.0,22.3,77.4,979.8,20870.79742559271
2021-08-09,19.9,30.9,0.0,6.0,320.0,18.5,69.0,979.7,21767.7919791541
2021-08-10,18.8,26.5,2.2,2.4,290.0,19.6,85.8,985.7,22713.25853407905
2021-08-11,20.1,30.8,1.675,3.6,320.0,20.5,80.4,987.2,22008.38067332526
2021-08-12,20.3,30.6,1.15,4.2,140.0,20.8,82.3,986.7,21946.1426026767
2021-08-13,19.9,28.7,0.625,2.6,320.0,20.1,83.0,983.4,22815.00504689562
2021-08-14,18.0,26.9,0.1,2.5,320.0,19.2,84.9,984.5,23681.79042539121
2021-08-16,17.9,27.4,1.15,3.3,290.0,18.1,78.4,991.6,28616.7559099593
2021-08-17,16.8,28.1,1.7,3.1,320.0,18.2,79.9,986.4,33071.56387791825
2021-08-18,17.7,27.2,0.0,3.0,320.0,18.0,77.1,986.7,31611.10417113262
2021-08-19,17.5,27.9,0.0,3.1,320.0,17.3,75.8,988.3,30645.32906816507
2021-08-20,18.4,29.2,29.55,2.7,320.0,19.2,79.6,989.4,26359.90239897748
2021-08-21,20.8,23.3,59.1,2.7,180.0,21.5,97.5,982.1,25001.0045384962
2021-08-23,18.3,22.5,41.6,2.4,320.0,19.5,97.5,986.7,24221.59526780658
2021-08-24,19.8,24.8,54.9,3.1,320.0,21.8,99.4,978.0,23767.22249420265
2021-08-25,19.5,23.8,50.3,2.8,160.0,20.8,99.4,983.9,23939.73600528131
2021-08-26,18.9,27.7,0.0,2.1,160.0,20.8,93.1,989.1,25775.53313664803
2021-08-27,18.8,22.7,6.9,3.4,320.0,20.3,99.3,989.1,32677.7864135139
2021-08-28,17.3,28.1,7.95,5.0,320.0,18.0,84.5,990.0,28450.03017324948
2021-08-30,16.9,25.2,0.0,3.0,320.0,17.9,88.5,992.1,27752.36566405648
2021-08-31,17.8,24.6,15.1,2.1,290.0,18.9,93.0,991.6,34172.9530788038
2021-09-01,18.0,21.1,111.0,3.2,320.0,19.2,99.8,986.6,30440.85747822983
2021-09-02,17.1,23.8,0.0,2.3,160.0,17.7,86.5,987.2,27155.0639426676
2021-09-03,15.7,25.9,0.0,2.8,320.0,16.8,82.5,986.6,26677.09736425109
2021-09-04,13.3,25.4,0.133333333,3.3,320.0,15.6,83.1,991.9,27341.10151597042
2021-09-06,15.0,25.3,0.4,4.9,320.0,15.6,79.5,994.3,29721.74784265883
2021-09-07,17.1,19.6,30.3,2.5,320.0,18.4,100.0,986.3,27941.78095147487
2021-09-08,16.2,26.6,26.93333333,5.9,290.0,18.2,86.9,986.0,28993.5508496372
2021-09-09,14.2,26.5,23.56666667,2.3,320.0,16.9,87.3,990.3,30712.65267636512
2021-09-10,16.0,26.1,20.2,2.6,320.0,18.4,89.9,989.6,35532.7557115766
2021-09-11,17.5,28.3,16.83333333,2.6,160.0,18.8,87.9,989.0,35410.99929507486
2021-09-13,15.6,25.0,10.1,3.2,320.0,17.3,83.9,994.5,31984.46584896025
2021-09-14,13.5,24.4,6.733333333,4.2,320.0,14.8,81.6,993.2,27943.56750070309
2021-09-15,13.4,26.3,3.366666667,4.8,320.0,14.2,77.9,993.3,29425.03877810106
2021-09-16,12.6,25.2,0.0,4.0,320.0,15.0,78.5,990.2,26105.34465190474
2021-09-17,13.9,19.8,20.2,3.5,320.0,17.1,97.5,986.5,31160.73958000451
2021-09-18,11.5,25.6,18.925,2.8,320.0,15.5,88.1,991.0,29832.7327283491
2021-09-20,14.5,26.2,16.375,4.3,110.0,16.0,77.4,989.7,18398.59236566493
2021-09-24,13.2,24.7,1.8,2.7,320.0,14.8,83.1,999.1,20050.04419048423
2021-09-25,13.8,24.4,1.4,3.9,320.0,15.6,87.4,999.7,28593.72589574197
2021-09-27,12.7,24.2,0.6,2.7,320.0,15.0,82.8,992.9,27544.86391371231
2021-09-28,14.7,23.3,0.0,2.2,320.0,16.9,87.3,990.0,25052.19710875402
2021-09-29,17.9,20.3,19.7,3.6,160.0,18.6,98.6,985.0,24509.97030782231
2021-09-30,13.6,26.6,13.26666667,2.3,320.0,16.6,86.6,984.9,20038.2889293592
2021-10-01,13.7,26.5,6.833333333,6.6,320.0,16.0,85.0,985.2,25755.39390672315
2021-10-02,13.5,25.9,0.4,7.6,290.0,13.9,79.1,990.0,33669.40984552582
2021-10-04,12.4,26.7,0.5,2.6,320.0,16.7,86.9,997.0,28943.88956443466
2021-10-05,14.7,27.5,0.55,6.7,320.0,16.1,79.8,996.8,31352.85783512979
2021-10-06,16.1,21.4,0.6,2.3,290.0,18.1,97.0,996.6,31722.53858864358
2021-10-07,15.9,23.0,0.7,5.4,320.0,16.8,90.1,993.2,26837.40684108252
2021-10-08,15.2,20.8,0.8,1.9,320.0,17.8,97.8,997.3,31753.12911021789
2021-10-09,17.6,25.6,0.0,2.8,140.0,18.9,91.9,998.7,35199.76476780778
2021-10-11,13.0,19.5,15.6,9.6,290.0,13.9,95.3,996.5,35163.28140450111
2021-10-12,13.2,15.1,5.3,1.8,290.0,13.8,99.4,1001.8,38820.32935980858
2021-10-13,13.7,21.8,6.866666667,2.9,320.0,14.1,85.4,1000.6,39175.77067972809
2021-10-14,14.1,23.2,8.433333333,6.5,320.0,13.8,82.6,995.1,49525.44900743689
2021-10-15,14.0,19.8,10.0,1.6,160.0,15.4,94.8,993.6,47063.61786187974
2021-10-16,5.2,16.3,10.7,7.9,290.0,5.2,64.3,995.2,41851.02256469087
2021-10-18,-1.6,15.8,3.566666667,3.1,320.0,1.7,75.3,998.6,36519.06323772185
2021-10-19,4.5,15.5,0.0,6.2,320.0,5.0,77.8,994.1,37838.05202011737
2021-10-20,0.5,15.4,0.0333333333,3.0,320.0,3.2,80.0,996.2,37994.61738069863
2021-10-21,1.1,16.7,0.0666666667,2.9,320.0,3.7,80.3,994.6,39335.06900151025
2021-10-22,1.5,16.3,0.1,5.9,290.0,4.4,82.6,996.7,38266.15608653763
2021-10-23,0.0,17.7,1.435294118,3.5,320.0,2.4,76.0,1003.3,37541.24221344404
2021-10-25,0.5,18.3,4.105882353,6.6,320.0,2.7,72.3,997.7,37325.5383034795
2021-10-26,0.5,18.1,5.441176471,4.9,320.0,4.7,76.5,995.3,34339.55139361964
2021-10-27,6.3,18.6,6.776470588,6.9,290.0,5.2,67.9,994.1,34406.36887939726
2021-10-28,0.9,19.5,8.111764706,2.9,320.0,4.1,73.0,998.7,35308.85301538443
2021-10-29,2.8,17.7,9.447058824,3.2,320.0,5.4,76.4,1001.0,30164.33284966691
2021-10-30,4.1,16.8,10.78235294,2.6,320.0,5.8,81.6,998.9,32383.91533408864
2021-11-01,4.5,16.9,13.45294118,7.4,320.0,6.4,77.8,997.1,31462.79002743154
2021-11-02,3.1,16.8,14.78823529,5.8,290.0,5.5,76.5,995.0,34323.12368475036
2021-11-03,5.6,17.3,16.12352941,5.2,290.0,5.4,73.1,992.9,30503.45761031144
2021-11-04,3.0,18.0,17.45882353,5.8,320.0,5.2,78.3,993.9,32907.53060815893
2021-11-05,1.7,19.4,18.79411765,3.0,320.0,4.3,75.5,995.8,33251.89136845631
2021-11-06,2.8,19.9,20.12941176,2.8,320.0,6.1,78.4,995.9,32144.44293905218
2021-11-08,5.6,13.0,22.8,9.2,320.0,6.2,81.5,985.6,28113.84415792897
2021-11-09,3.5,9.8,2.9,6.9,290.0,2.6,81.8,983.7,32061.73146339492
2021-11-10,2.5,6.6,0.3,8.5,290.0,-0.5,68.4,980.6,30018.04522197476
2021-11-11,3.1,9.6,0.3,8.6,290.0,-1.4,62.8,984.0,31294.4062325337
2021-11-12,2.4,8.1,0.15,9.1,290.0,-4.3,52.1,989.6,33090.49155801106
2021-11-13,-1.4,12.2,0.0,7.9,290.0,0.1,69.0,992.2,37261.36506494446
2021-11-15,1.5,15.5,0.0222222222,5.3,290.0,1.1,65.3,995.2,34997.738744309
2021-11-16,-0.4,14.3,0.0333333333,5.4,290.0,-0.5,66.0,997.5,31586.63010467975
2021-11-17,-2.8,13.0,0.0444444444,5.2,320.0,-1.9,64.3,997.1,27324.77882155816
2021-11-18,0.6,15.6,0.0555555556,4.9,320.0,2.9,74.3,992.5,30899.96623075423
2021-11-19,6.1,16.4,0.0666666667,6.5,290.0,6.8,81.5,992.1,30116.81557111354
2021-11-20,1.5,16.0,0.0777777778,2.9,320.0,4.9,84.5,994.9,38322.41438858578
2021-11-22,0.2,9.0,0.1,12.0,290.0,-4.2,56.9,986.9,29664.78634087769
2021-11-23,-1.6,2.4,0.0666666667,11.2,268.88,-7.2,56.5,989.1,30808.08201089654
2021-11-24,0.3,7.9,0.0333333333,9.9,290.0,-3.2,60.0,990.1,25406.01300202188
2021-11-25,0.9,11.3,0.0,9.3,290.0,-0.7,63.1,990.9,27096.37656998608
2021-11-26,1.6,8.6,0.0,7.2,290.0,-5.5,48.5,998.7,27479.37565853698
2021-11-27,-3.7,9.9,5.325,4.8,320.0,-5.1,62.3,1006.9,29575.92148221393
2021-11-29,-5.6,11.7,15.975,2.7,320.0,-4.1,66.1,1000.5,25065.75542300591
2021-11-30,-1.8,7.7,21.3,9.4,320.0,0.7,86.8,985.1,27450.4488895484
2021-12-10,-1.4,10.2,0.463636364,6.9,320.0,3.0,86.3,998.7,29569.19582319012
2021-12-11,2.3,11.4,0.372727273,9.0,320.0,3.1,76.4,998.4,33489.49414318909
2021-12-13,-7.9,2.4,0.190909091,7.5,290.0,-13.4,44.6,999.1,31054.60792684038
2021-12-14,-7.7,6.5,0.1,7.9,160.0,-5.1,66.3,994.8,31521.51051247494
2021-12-15,0.3,8.0,0.2,3.9,320.0,2.4,89.0,994.2,33155.46083909123
2021-12-16,-0.7,10.6,0.325,7.3,290.0,-1.1,65.1,991.3,34949.04014986485
2021-12-17,-9.7,6.6,0.45,12.3,290.0,-14.9,40.4,993.0,29684.87702583446
2021-12-18,-12.3,-0.1,0.575,11.1,290.0,-14.5,51.4,997.5,27913.87792670211
2021-12-20,-2.8,9.5,0.66,4.2,320.0,-2.1,66.4,991.2,36409.09503374521
2021-12-21,2.5,11.5,0.62,9.0,290.0,0.5,67.0,989.8,33485.66509927875
2021-12-22,-5.2,9.0,0.58,6.6,140.0,-6.0,57.6,995.6,29966.06402425857
2021-12-23,-7.4,8.2,0.54,4.9,320.0,-6.1,65.9,997.5,33700.04257776413
2021-12-24,-3.9,7.8,0.5,7.9,320.0,-3.7,72.0,994.4,28248.42842118373
2021-12-25,-11.5,-0.9,0.46,10.1,290.0,-18.4,44.5,1000.0,32035.52759432899
2021-12-27,-11.6,-1.5,0.38,10.2,290.0,-14.3,51.9,1001.3,33408.81029599044
2021-12-28,-9.3,3.9,0.34,7.9,320.0,-7.3,61.8,999.9,32127.55556651143
2021-12-29,-3.7,5.2,0.3,10.2,320.0,-3.2,72.8,992.3,35759.37824748948
2021-12-30,-5.3,0.5,0.225,10.2,290.0,-12.4,48.4,995.3,30664.4349204175
2021-12-31,-7.8,-2.3,0.15,9.5,290.0,-19.5,33.1,1000.9,26792.45038206097
2022-01-03,-12.1,1.2,0.0,9.3,290.0,-11.0,60.5,997.8,27756.94371534959
2022-01-04,-7.7,4.0,0.0,7.5,290.0,-11.2,46.5,998.7,36276.22806937346
2022-01-05,-11.1,4.6,0.0,2.5,320.0,-8.5,63.6,1000.3,37811.47601431201
2022-01-06,-5.9,4.9,0.0,7.9,320.0,-10.6,48.0,999.7,35498.78865579331
2022-01-07,-11.6,5.6,0.0,6.1,320.0,-13.2,49.9,1001.7,32284.51925090894
2022-01-08,-10.9,4.1,0.0,9.1,320.0,-8.1,61.1,996.6,34183.22822328701
2022-01-10,-8.5,6.3,0.0,8.3,320.0,-6.3,68.4,992.8,32661.96805174739
2022-01-11,-8.1,0.5,0.0,9.0,290.0,-13.2,51.4,989.9,35924.60154716866
2022-01-12,-10.7,-2.4,0.0,9.1,290.0,-16.8,45.5,993.3,32871.04335178012
2022-01-13,-8.1,-2.6,0.0,10.3,290.0,-17.4,39.5,991.3,37504.06376694718
2022-01-14,-12.6,1.2,0.0,8.7,140.0,-17.0,42.9,997.1,33530.58069589074
2022-01-15,-10.7,5.2,0.0,5.7,160.0,-9.6,56.5,995.5,33299.75532131592
2022-01-17,-7.6,0.2,0.0,9.9,290.0,-13.1,51.0,997.7,30965.07697610475
2022-01-18,-9.2,0.3,0.0,7.2,290.0,-16.7,39.9,999.4,29689.57824953469
2022-01-19,-11.4,0.7,0.0,7.6,160.0,-12.2,57.8,996.3,31858.8747521747
2022-01-20,-7.8,3.6,0.183333333,7.2,320.0,-12.3,51.4,999.9,32423.46536207747
2022-01-21,-12.5,4.8,0.366666667,3.6,320.0,-13.8,55.3,1003.2,31170.1822420756
2022-01-22,-9.5,6.8,0.55,2.5,320.0,-6.9,65.0,999.7,30272.40085709242
2022-01-24,-3.3,5.3,0.916666667,4.1,320.0,-4.0,69.5,996.5,29782.52699809967
2022-01-25,-1.0,2.6,1.1,5.6,320.0,-1.4,88.5,994.8,28541.50782948102
2022-01-26,-1.4,5.7,0.985714286,6.3,290.0,-5.1,58.5,996.5,29326.94064643205
2022-01-27,-7.4,6.9,0.871428571,6.2,290.0,-9.3,51.6,996.2,37243.1130211091
2022-01-28,-4.1,3.9,0.757142857,8.3,290.0,-11.9,44.1,995.6,35548.37043958424
2022-01-29,-5.4,2.1,0.642857143,7.5,290.0,-14.0,40.3,992.9,30183.78378378379
2022-01-30,-10.9,4.4,0.528571429,8.2,290.0,-14.5,41.1,993.5,31000.0
2022-02-04,-6.1,0.5,0.230769231,11.0,290.0,-14.6,42.9,995.3,25162.55504813985
2022-02-05,-9.5,-1.7,0.207692308,10.3,290.0,-16.7,44.8,996.2,37683.5945294337
2022-02-07,-8.4,2.0,0.161538462,6.9,290.0,-13.8,42.5,999.9,30247.1906870309
2022-02-08,-9.0,4.6,0.138461538,6.5,290.0,-12.3,47.5,999.6,28213.87078760545
2022-02-09,-11.0,7.5,0.115384615,3.3,320.0,-10.1,53.5,998.4,30268.52199283955
2022-02-10,-3.4,8.1,0.0923076923,6.9,290.0,-9.9,45.4,995.1,27086.79183919838
2022-02-11,-9.0,9.5,0.0692307692,7.0,320.0,-9.5,47.6,998.6,26221.76180150539
2022-02-12,-4.7,10.6,0.0461538462,3.4,320.0,-8.6,50.1,998.1,27320.25415851272
2022-02-14,-4.4,10.0,0.0,9.3,320.0,-3.0,69.5,992.8,24953.62924831469
2022-02-15,-6.7,0.1,0.0,9.9,290.0,-11.2,55.0,991.7,28118.84939902343
2022-02-16,-8.7,-2.9,0.0,11.1,290.0,-17.4,43.1,993.3,26487.02950663072
2022-02-17,-10.6,0.0,0.0,8.2,290.0,-18.4,40.3,999.2,28194.61469057072
2022-02-18,-13.5,5.3,0.0,3.5,320.0,-14.2,48.1,1002.6,25798.57255924048
2022-02-19,-5.0,3.2,0.0,8.0,290.0,-11.7,44.6,994.8,27273.14737483228
2022-02-21,-6.1,3.6,0.0,8.0,290.0,-12.5,44.0,999.2,26166.37511856403
2022-02-22,-6.4,0.7,0.48,9.7,290.0,-15.2,40.6,1002.1,27054.52903269095
2022-02-23,-9.1,0.2,0.96,7.7,290.0,-18.5,35.3,1003.4,27743.92770251983
2022-02-24,-11.1,2.5,1.44,9.7,290.0,-16.0,37.1,1001.7,28499.21592679118
2022-02-25,-3.9,7.8,1.92,9.8,290.0,-5.6,53.0,998.9,27789.06820668576
2022-02-26,-3.0,12.9,2.4,8.6,320.0,-4.1,56.4,991.1,24295.90998996231
2022-02-28,-4.1,11.5,1.0,6.9,320.0,-5.1,54.0,994.6,26559.47732280899
2022-03-01,-2.4,11.5,0.3,9.0,320.0,-0.3,70.6,987.6,31857.2341955188
2022-03-02,-3.2,9.0,3.433333333,8.4,290.0,-6.9,48.8,989.7,27712.12081212742
2022-03-03,-1.4,11.7,6.566666667,8.5,320.0,-6.7,47.0,991.0,31040.24357142804
2022-03-04,-4.5,14.6,9.7,5.9,320.0,-5.0,45.9,986.2,26978.51490371329
2022-03-05,-0.3,10.0,12.83333333,12.9,290.0,-11.1,36.4,985.9,29557.7063899972
2022-03-07,-6.7,10.5,19.1,6.2,290.0,-11.6,39.1,993.5,27911.46612084923
2022-03-08,-5.0,13.3,22.23333333,8.5,320.0,-6.7,47.0,992.1,29395.26183125149
2022-03-09,-3.1,15.4,25.36666667,5.1,140.0,-4.3,51.4,995.0,26160.15291664348
2022-03-10,-1.7,16.5,28.5,7.3,320.0,-4.8,50.3,994.4,29821.98116700662
2022-03-11,-1.7,17.6,31.63333333,8.1,320.0,0.9,54.6,991.8,25522.94911981395
2022-03-12,2.5,18.4,34.76666667,3.6,180.0,6.7,72.4,990.0,27573.82366615465
2022-03-14,6.3,10.5,6.2,11.1,290.0,6.8,92.4,985.8,27772.56974601564
2022-03-15,2.8,15.0,5.533333333,9.1,290.0,2.6,69.5,987.3,31374.10537778852
2022-03-16,1.1,18.4,4.866666667,7.6,140.0,1.6,56.4,989.6,25807.81402087105
2022-03-17,4.2,11.3,4.2,3.7,140.0,3.8,79.8,995.0,26236.43474865664
2022-03-18,2.6,7.2,7.2,3.9,160.0,2.0,85.4,986.2,28542.79043463518
2022-03-19,0.3,4.3,10.1,2.7,290.0,2.0,97.5,983.7,28506.11148874699
2022-03-21,-2.2,10.3,3.18,5.6,290.0,-3.7,54.8,996.6,29071.53098849662
2022-03-22,0.6,12.9,6.36,4.2,320.0,-5.1,46.9,994.9,30082.70055582005
2022-03-23,-0.9,8.9,9.54,7.6,320.0,-2.0,66.6,991.7,28762.4753866509
2022-03-24,-0.6,10.8,12.72,4.2,320.0,0.2,71.6,995.5,25912.61227257459
2022-03-25,1.1,16.5,15.9,3.8,320.0,4.1,73.0,993.7,33243.41629479147
2022-03-26,9.7,14.0,39.2,9.5,320.0,9.3,89.9,979.2,28832.85315046601
2022-03-28,-2.3,13.7,19.65,4.1,320.0,-5.8,48.3,1001.5,33847.38255283704
2022-03-29,-1.6,17.9,9.875,4.6,290.0,-0.4,60.4,1000.5,36107.37151653301
2022-03-30,0.6,17.7,0.1,5.4,320.0,4.4,68.0,995.5,32487.57293911568
2022-03-31,2.3,12.6,3.2,4.2,160.0,4.6,83.0,998.6,28984.64124242986
2022-04-01,-0.8,13.0,3.892307692,3.3,140.0,0.7,74.6,1003.2,31238.34441587112
2022-04-02,-0.8,15.0,4.584615385,5.8,320.0,-2.4,57.0,1000.9,30921.38159400906
2022-04-04,-0.3,18.2,5.969230769,8.0,320.0,-3.1,47.6,1001.0,30335.29801196221
2022-04-05,-0.3,18.1,6.661538462,8.7,290.0,-5.2,35.6,995.5,33189.96993605585
2022-04-06,6.0,19.6,7.353846154,9.0,290.0,-2.9,34.6,994.3,30155.76125281954
2022-04-07,7.3,17.4,8.046153846,10.5,290.0,-2.4,37.0,991.1,30966.09379849318
2022-04-08,-0.1,20.7,8.738461538,8.4,320.0,-1.7,45.9,993.6,31886.80436644082
2022-04-09,4.5,25.9,9.430769231,7.0,320.0,3.1,44.5,990.1,28718.14221548016
2022-04-11,9.5,27.0,10.81538462,6.1,320.0,7.6,51.6,988.1,33811.30802556784
2022-04-12,10.1,28.6,11.50769231,5.0,160.0,10.8,61.8,985.3,39876.62966665323
2022-04-13,6.4,20.5,12.2,6.5,70.0,8.0,81.1,990.9,34961.90887581869
2022-04-14,6.1,9.9,5.2,2.4,110.0,5.3,83.6,994.1,35941.31477739703
2022-04-15,5.4,17.7,0.0,4.2,140.0,3.9,68.8,992.2,29767.84774256082
2022-04-16,1.4,18.4,0.15,7.3,320.0,-0.4,53.8,991.6,27982.3420036935
2022-04-18,9.4,20.9,0.45,6.1,320.0,-1.5,31.8,992.2,37116.09227290744
2022-04-19,4.0,22.5,0.6,7.6,320.0,-0.9,39.5,991.6,35144.8110372471
2022-04-20,4.2,23.7,0.75,7.2,290.0,0.1,40.3,990.1,37408.66629882716
2022-04-21,4.5,19.3,0.9,5.0,320.0,2.6,58.3,987.7,36329.00004113431
2022-04-22,4.7,24.3,1.05,6.7,320.0,8.6,67.3,985.2,36756.4885471696
2022-04-23,11.1,24.1,1.2,6.7,140.0,7.1,56.9,987.6,26563.71944037917
2022-04-25,12.8,26.2,1.5,7.7,320.0,11.5,64.0,986.5,33348.36611074096
2022-04-26,13.9,22.6,24.6,7.5,320.0,14.5,82.6,978.3,32206.4781994007
2022-04-27,9.9,21.6,19.0,6.6,160.0,6.7,57.0,989.6,32594.02165761014
2022-04-28,7.7,21.9,13.4,4.2,160.0,8.0,69.0,992.5,29972.13642960111
2022-04-29,7.1,13.7,7.8,3.0,20.0,5.1,69.5,991.8,30812.58570934683
2022-04-30,8.3,16.8,5.2,7.2,320.0,5.1,63.8,992.1,29432.1767629055
2022-05-02,5.1,17.9,0.0,7.2,320.0,3.2,63.0,988.7,36362.89354531319
2022-05-03,1.7,21.4,0.05,7.2,320.0,1.7,54.5,993.5,32924.11328159842
2022-05-04,6.0,25.5,0.1,8.7,320.0,5.0,48.6,993.5,31496.11468004893
2022-05-05,7.5,26.7,0.15,6.1,290.0,6.1,54.1,993.1,29638.30640311784
2022-05-06,7.7,25.9,0.2,7.4,290.0,9.6,60.3,990.9,29676.88567772556
2022-05-07,10.4,22.6,0.25,7.6,320.0,8.6,59.6,991.9,29277.37146239369
2022-05-09,8.6,23.9,0.7,4.4,110.0,3.3,53.8,993.9,29529.94433278147
2022-05-10,5.6,23.5,0.925,3.9,320.0,2.4,51.0,992.5,36090.29508028497
2022-05-11,8.6,24.6,1.15,3.9,140.0,7.5,52.6,990.0,34332.96230999995
2022-05-12,13.9,24.9,1.375,5.6,160.0,11.8,63.5,986.6,36700.14565237764
2022-05-13,12.2,19.3,1.6,2.4,140.0,12.7,87.4,983.6,34024.70781379029
2022-05-14,12.0,20.5,1.2,10.4,320.0,3.1,47.0,986.3,34051.32275132275
2022-05-16,6.7,23.1,0.4,7.8,320.0,2.1,44.8,986.8,31294.2039891371
2022-05-17,6.6,26.4,0.0,5.5,320.0,6.3,58.8,989.1,35380.71810839194
2022-05-18,8.6,27.3,0.0,6.0,320.0,7.0,52.1,991.6,36075.33320770056
2022-05-19,12.1,25.1,0.0,6.7,320.0,4.6,40.4,991.9,37430.58199917148
2022-05-20,15.1,26.9,0.0,7.3,320.0,6.7,43.6,988.3,29969.14393071836
2022-05-21,13.7,26.3,0.0,6.1,290.0,11.6,57.4,983.8,27710.41569086651
2022-05-23,12.1,30.2,0.0,6.2,290.0,12.9,63.5,987.2,38746.78499704483
2022-05-24,17.3,31.4,0.0,7.0,320.0,10.5,44.9,988.3,41734.69341636637
2022-05-25,12.9,30.2,0.0,6.1,290.0,12.1,57.1,983.2,35432.95075815742
2022-05-26,14.3,24.1,1.2,7.5,290.0,7.9,53.3,979.2,38518.44511465782
2022-05-27,12.4,24.1,0.9,8.0,270.0,8.9,54.4,976.1,36290.23483341356
2022-05-28,9.8,29.7,0.6,5.8,320.0,10.0,56.3,981.0,25433.43293992822
2022-05-30,16.0,26.2,0.0,7.2,320.0,12.8,61.5,977.4,37285.62642204997
2022-05-31,15.4,27.4,1.266666667,6.5,290.0,6.9,42.8,982.6,39896.07573269019
2022-06-01,11.7,30.9,2.533333333,6.1,320.0,5.6,38.4,981.3,47683.64146596432
2022-06-02,11.2,29.0,3.8,8.2,290.0,8.1,44.8,982.2,46080.35280248547
2022-06-03,15.3,31.1,5.066666667,6.4,140.0,12.7,57.3,986.0,43720.00065808061
2022-06-04,14.1,26.9,6.333333333,2.7,160.0,13.2,64.4,987.4,20666.66666666667
2022-06-06,11.2,21.0,4.7,4.9,320.0,13.5,83.6,977.0,43527.93899968287
2022-06-07,9.1,21.6,2.2,3.2,320.0,11.3,82.6,984.1,47169.0438844152
2022-06-08,12.8,21.4,1.1,2.5,270.0,12.8,81.4,988.0,45396.34224694208
2022-06-09,14.0,24.0,0.0,2.4,140.0,14.1,79.6,989.3,47060.93533534419
2022-06-10,12.5,28.0,0.0,3.4,180.0,14.7,70.1,989.2,45580.58447538436
2022-06-11,16.5,28.1,0.0,5.9,320.0,14.9,71.0,988.5,36105.35714285714
2022-06-13,14.9,26.0,3.933333333,5.5,110.0,12.2,67.3,987.1,45546.74135012563
2022-06-14,13.7,19.1,5.9,3.5,140.0,13.5,87.1,985.8,50977.89699363729
2022-06-15,13.6,19.4,5.9,1.9,290.0,15.6,96.5,982.6,47467.5529962943
2022-06-16,13.8,23.3,8.7625,6.9,320.0,14.6,79.9,983.3,42994.84860410947
2022-06-17,12.0,30.3,11.625,6.4,290.0,15.4,68.8,983.4,45233.19368186203
2022-06-18,19.0,31.2,14.4875,5.8,290.0,18.2,67.3,982.5,50715.09809966026
2022-06-20,19.2,32.3,20.2125,3.9,360.0,19.1,68.9,980.1,43650.05747825393
2022-06-21,19.4,34.7,23.075,3.5,340.0,18.8,67.3,979.4,45874.78943399271
2022-06-22,19.9,34.6,25.9375,5.5,290.0,19.2,65.8,982.3,40349.1080516181
2022-06-23,19.9,27.0,28.8,4.2,180.0,21.6,91.1,977.7,43748.21465472288
2022-06-24,21.5,28.7,12.4,7.7,320.0,19.9,74.8,973.5,40129.51099369206
2022-06-25,17.5,31.6,1.2,4.4,290.0,19.7,76.3,980.9,57651.03021978022
2022-06-27,22.1,27.2,39.0,3.6,140.0,23.3,94.5,985.3,45696.65314613766
2022-06-28,23.2,30.0,21.0,4.0,180.0,22.6,81.3,981.1,43563.32780756392
2022-06-29,23.7,31.9,3.0,3.7,160.0,22.9,82.4,981.9,42823.84589970883
2022-06-30,20.9,27.0,23.4,5.2,160.0,22.8,95.6,987.3,39765.15022841633
2022-07-01,20.6,32.4,18.98,3.6,290.0,22.5,84.5,990.4,27508.33333333334
2022-07-02,20.5,34.1,14.56,2.5,160.0,20.8,72.4,988.8,52800.0
2022-07-04,22.8,33.7,5.72,4.5,160.0,22.3,76.5,982.0,49351.29882204249
2022-07-05,22.9,33.0,1.3,3.0,180.0,22.9,80.4,981.6,47561.9222209427
2022-07-06,23.5,31.4,0.0,2.2,140.0,23.0,81.8,984.8,59396.84727006186
2022-07-07,23.9,31.1,12.4,3.0,290.0,24.4,90.1,983.5,50533.49164784577
2022-07-08,24.1,30.2,7.7,5.4,320.0,22.8,81.3,978.6,39175.62102980885
2022-07-09,24.5,31.1,6.65,6.5,290.0,22.1,75.0,978.0,43363.41636684867
2022-07-11,22.2,26.6,13.3,4.3,160.0,22.7,93.3,982.3,50058.71994987284
2022-07-12,22.3,28.4,46.65,3.0,140.0,20.8,80.0,984.7,60572.74332901566
2022-07-13,21.1,23.1,80.0,3.3,160.0,20.8,93.9,981.0,54605.53251650032
2022-07-14,21.2,28.2,0.4,6.7,320.0,21.7,85.1,975.8,54394.67821622226
2022-07-15,21.2,30.0,0.2,5.4,320.0,19.2,70.8,975.5,49716.21033080681
2022-07-16,18.6,29.0,0.0,6.2,320.0,19.9,86.6,974.9,56472.67397139617
2022-07-18,19.6,24.6,6.0,2.6,140.0,20.8,95.6,976.5,56995.5297157053
2022-07-19,19.5,31.1,3.0,5.9,290.0,20.3,77.6,978.1,48993.89121426878
2022-07-20,21.2,30.5,0.0,5.7,290.0,20.8,75.8,982.0,52388.68734240044
2022-07-21,20.6,24.6,25.9,7.7,320.0,21.7,98.6,977.7,46925.40086026631
2022-07-22,21.1,27.9,3.7,5.4,320.0,20.4,87.1,981.4,48334.46337864902
2022-07-23,20.5,26.5,4.5,1.9,140.0,21.1,90.1,982.0,37789.94002148229
2022-07-25,21.2,31.5,15.225,4.6,290.0,21.5,79.3,984.3,39960.60230703355
2022-07-26,20.6,32.3,10.15,2.4,160.0,21.3,77.5,986.2,34940.12100888729
2022-07-27,20.5,29.7,5.075,3.3,290.0,20.5,80.3,987.5,37527.22715385273
2022-07-28,21.5,27.9,0.0,2.9,320.0,22.0,86.0,988.7,34540.85151886786
2022-07-29,23.1,33.6,2.3,4.7,290.0,23.4,84.3,989.4,37630.95030699808
2022-07-30,22.0,30.3,10.3,3.3,20.0,23.0,82.6,987.1,37100.72731477043
2022-08-01,23.5,29.6,4.8,2.5,160.0,24.3,95.3,984.2,40706.01744224022
2022-08-02,24.1,30.4,2.5,3.2,50.0,25.3,97.4,985.8,48715.02018362055
2022-08-03,23.5,28.8,0.0,6.7,320.0,23.9,91.9,986.4,38861.66200842703
2022-08-04,22.6,32.2,0.0,6.1,290.0,22.6,78.3,985.3,47580.94718406933
2022-08-05,22.7,32.3,5.2,5.8,180.0,24.2,86.4,982.4,36349.32430868494
2022-08-06,23.6,32.9,3.7,5.3,290.0,23.8,80.9,982.2,30208.62805982941
2022-08-08,24.2,29.6,0.7,3.0,180.0,24.0,90.9,983.4,44621.6544678467
2022-08-09,23.6,28.4,18.0,2.9,110.0,24.1,93.3,983.1,27406.62758158707
2022-08-10,23.1,25.2,93.8,2.6,50.0,23.8,100.0,982.3,28616.9393334709
2022-08-11,22.8,24.3,55.5,2.5,20.0,23.4,100.0,980.7,35989.53089586864
2022-08-12,21.7,31.8,0.2,5.1,320.0,22.4,84.5,982.0,46811.06987283566
2022-08-13,20.5,27.4,6.3,1.9,160.0,23.1,96.4,982.7,40564.09363352088
2022-08-15,22.6,31.3,1.4,4.6,200.0,22.8,82.4,978.3,39457.86578852378
2022-08-16,21.7,30.3,2.1,4.0,110.0,22.4,87.9,979.8,43027.76425911814
2022-08-17,20.7,29.1,4.3,3.2,320.0,21.4,85.5,982.7,39317.36475094174
2022-08-18,18.8,28.3,2.15,2.9,180.0,20.3,86.8,983.6,38644.63266365199
2022-08-19,17.9,27.6,0.0,2.1,50.0,21.3,90.8,979.7,34611.75971638024
2022-08-20,21.7,30.9,82.0,4.7,160.0,23.4,91.8,978.6,42076.07219518648
2022-08-22,17.1,30.2,29.0,5.0,320.0,19.9,81.4,981.0,37359.16763485022
2022-08-23,21.3,25.7,2.5,5.7,320.0,21.6,93.9,982.4,34537.73319714556
2022-08-24,18.7,23.6,0.1,2.4,320.0,18.5,87.1,985.3,35720.05543808279
2022-08-25,17.1,24.9,0.0,6.2,320.0,17.5,80.0,983.2,40052.61801398141
2022-08-26,16.4,28.1,0.8,5.1,320.0,16.4,68.8,982.6,38232.51270698693
2022-08-27,14.6,25.4,1.6,6.2,290.0,12.9,63.4,984.9,36317.98033116895
2022-08-29,15.6,20.9,3.2,2.3,320.0,16.6,91.9,992.3,34914.65197528274
2022-08-30,16.5,20.0,51.5,2.1,290.0,18.4,100.0,987.6,36567.82453118014
2022-08-31,18.2,23.3,21.1,2.4,290.0,19.2,96.6,984.3,36783.2524649081
2022-09-01,16.2,25.4,10.6,2.3,320.0,17.8,91.1,989.8,36119.59146166282
2022-09-02,14.4,27.0,0.1,4.6,320.0,16.3,81.0,992.7,38914.60290186493
2022-09-03,16.9,25.1,0.1,4.5,320.0,16.7,79.9,991.8,35660.6922575654
2022-09-04,18.6,24.3,0.0,3.1,290.0,20.3,92.4,987.3,28717.96709929046
2022-09-05,20.6,25.7,42.3,2.1,320.0,22.5,99.3,981.8,29724.02024788997
2022-09-06,18.1,24.0,33.5,12.8,320.0,16.1,76.9,978.2,27994.33043397028
2022-09-07,12.5,26.5,27.93333333,5.4,290.0,13.4,71.0,992.2,24026.63952880228
2022-09-08,11.4,27.9,22.36666667,2.6,320.0,14.7,78.6,993.8,24040.98082224899
2022-09-09,13.3,27.9,16.8,3.2,320.0,14.2,76.9,994.1,11659.73608977641
2022-09-13,18.4,26.9,0.075,2.8,140.0,19.0,86.4,992.3,16707.12855958548
2022-09-14,16.8,28.7,0.05,4.6,320.0,15.2,70.6,993.2,28169.21350263754
2022-09-15,16.1,28.0,0.025,3.2,320.0,16.8,77.4,989.5,23835.96726705526
2022-09-16,18.6,25.2,0.0,2.4,290.0,19.9,94.4,986.4,22900.30140845401
2022-09-17,20.9,30.7,0.0,2.7,320.0,22.1,86.3,984.5,15754.70019716717
2022-09-19,14.1,28.5,0.328571429,6.4,320.0,15.7,68.1,976.0,24517.1214021107
2022-09-20,10.7,22.0,0.657142857,3.4,290.0,10.5,74.4,989.3,28731.89314306634
2022-09-21,8.3,22.4,0.985714286,3.1,320.0,9.2,76.3,993.8,31305.22534532601
2022-09-22,8.3,23.2,1.314285714,2.6,320.0,11.2,79.3,991.4,33471.10228053165
2022-09-23,11.7,25.8,1.642857143,9.4,320.0,11.7,73.6,987.9,32321.11738060179
2022-09-24,11.8,22.1,1.971428571,5.8,290.0,8.7,64.5,991.5,35774.104798701
2022-09-26,10.8,23.1,2.628571429,2.8,320.0,12.8,84.9,992.4,35709.61341546369
2022-09-27,10.6,25.7,2.957142857,2.8,320.0,12.3,78.3,991.7,41924.8342576564
2022-09-28,10.1,24.1,3.285714286,2.6,140.0,13.6,87.1,989.7,36472.30994924588
2022-09-29,8.7,25.7,3.614285714,2.5,320.0,13.5,87.9,990.1,41221.87743435091
2022-09-30,9.5,27.2,3.942857143,3.3,320.0,11.5,76.4,991.6,37934.43693771755
2022-10-01,6.4,26.8,4.271428571,3.0,320.0,10.2,71.6,993.3,36988.57345173644
2022-10-03,17.0,21.4,6.3,2.1,90.0,18.8,99.8,989.7,38274.85256353435
2022-10-04,13.0,24.0,37.5,7.0,160.0,17.7,95.9,987.8,42235.08279518918
2022-10-05,12.0,18.7,18.85,2.5,290.0,11.4,83.8,995.6,36078.12359485144
2022-10-06,12.1,20.2,0.2,2.4,290.0,12.4,84.9,993.8,45987.69908499023
2022-10-07,9.9,17.4,0.6,6.9,290.0,11.0,83.1,994.1,40847.42338093864
2022-10-08,6.5,18.9,3.05,3.7,320.0,8.2,79.4,1000.1,52281.01498414105
2022-10-10,7.0,13.0,3.6,9.6,290.0,4.5,71.3,987.3,46872.6134398458
2022-10-11,5.1,15.4,3.323076923,8.1,290.0,4.2,71.0,995.2,49091.44724383081
2022-10-12,2.6,20.0,3.046153846,3.7,320.0,7.2,81.5,1001.9,42802.44045408863
2022-10-13,6.8,21.3,2.769230769,2.9,320.0,9.4,82.6,1000.3,44814.73132126595
2022-10-14,6.2,20.2,2.492307692,2.8,320.0,10.5,87.1,995.9,44754.38722978296
2022-10-15,8.8,23.5,2.215384615,3.0,320.0,12.4,81.4,994.6,42892.18994671401
2022-10-17,7.4,17.0,1.661538462,8.8,290.0,2.5,51.9,992.2,38680.64175653565
2022-10-18,0.5,14.3,1.384615385,6.7,268.88,5.45,69.97,991.55,36643.55322537338
2022-10-19,-1.1,15.1,1.107692308,6.5,290.0,0.3,70.3,999.9,34101.99186944665
2022-10-20,-1.3,19.5,0.830769231,2.6,140.0,3.0,73.5,1001.8,35846.2462149858
2022-10-21,3.3,18.6,0.553846154,4.8,320.0,5.1,69.6,998.9,33394.50205470042
2022-10-22,7.1,20.2,0.276923077,6.4,290.0,5.2,59.9,994.9,33428.80669094617
2022-10-24,1.5,15.1,0.195,6.3,320.0,2.2,71.1,995.3,36503.33691318671
2022-10-25,1.3,15.5,0.39,3.5,320.0,2.6,73.4,1002.8,34867.49347539719
2022-10-26,0.8,17.7,0.585,4.6,320.0,3.6,74.9,1002.5,32923.15994662386
2022-10-27,2.4,20.2,0.78,5.9,320.0,5.3,74.3,999.6,32414.96517090392
2022-10-28,3.9,18.6,0.975,3.2,140.0,7.5,81.1,1001.5,33899.94028934258
2022-10-29,5.7,18.3,1.17,2.5,320.0,8.0,81.3,1002.0,36032.34419606045
2022-10-31,5.7,18.2,1.56,3.2,320.0,6.5,79.9,999.7,35050.6499570501
2022-11-01,3.7,19.3,1.755,5.2,290.0,6.2,76.0,996.3,33125.77888170582
2022-11-02,1.5,19.4,1.95,5.3,320.0,2.3,68.5,995.0,34388.41465951149
2022-11-03,0.9,16.1,2.145,6.6,320.0,1.3,64.5,993.1,34334.0324881041
2022-11-04,3.1,10.3,2.34,7.3,290.0,-6.7,40.1,995.6,32078.36304264157
2022-11-05,-4.7,12.4,2.535,6.6,290.0,-7.0,47.9,998.8,34860.91364482039
2022-11-07,-1.7,16.5,2.925,5.7,320.0,0.1,67.5,997.8,34595.85495824079
2022-11-08,0.6,17.2,3.12,5.4,320.0,2.5,74.1,999.2,35656.81813823123
2022-11-09,-0.1,16.6,3.315,5.0,320.0,3.4,71.0,999.5,33695.14863560943
2022-11-10,2.3,18.8,3.51,3.2,160.0,4.7,75.8,999.5,31212.97234001931
2022-11-11,4.4,19.4,3.705,2.8,320.0,7.3,80.9,1001.3,34755.35369171149
2022-11-12,4.6,20.0,3.9,2.3,320.0,10.0,85.6,993.1,31110.72628273256
2022-11-14,6.5,12.3,12.5,7.4,320.0,4.2,69.6,992.5,32228.5375909248
2022-11-15,-0.1,11.4,0.0,5.9,290.0,2.1,74.9,991.6,29608.16451425815
2022-11-16,1.0,12.8,0.314285714,7.3,290.0,0.6,68.3,994.5,32366.45563943224
2022-11-17,0.7,15.2,0.628571429,2.5,320.0,1.1,75.3,998.5,31437.54195649347
2022-11-18,-1.3,17.7,0.942857143,3.6,320.0,1.2,73.1,1001.0,32296.53589625256
2022-11-19,1.4,16.6,1.257142857,3.6,320.0,5.3,76.6,998.6,27731.4370337315
2022-11-21,1.3,17.8,1.885714286,6.1,290.0,4.9,75.8,995.9,34328.74493369558
2022-11-22,5.3,14.9,2.2,3.4,290.0,6.5,80.5,995.6,32934.66309730169
2022-11-23,6.3,15.1,4.1,7.1,290.0,6.4,75.6,991.4,29240.22159216327
2022-11-24,1.0,13.1,4.68,3.0,160.0,2.2,83.9,995.6,29152.14787885466
2022-11-25,-1.4,13.9,5.26,2.9,320.0,1.4,81.5,993.3,30291.28373324108
2022-11-26,1.2,13.5,5.84,9.8,290.0,-2.7,51.3,991.1,33262.6594910323
2022-11-28,-1.7,13.1,7.0,2.8,320.0,4.1,83.6,992.0,32460.67912545942
2022-11-29,2.9,15.2,13.6,8.4,290.0,3.6,67.9,988.5,31958.96891539831
2022-11-30,-6.0,2.9,11.68571429,9.1,290.0,-15.7,38.4,1001.9,34405.61786655714
2022-12-01,-7.6,-0.1,9.771428571,7.0,290.0,-14.8,43.4,1003.6,32171.96809474205
2022-12-02,-9.0,2.4,7.857142857,7.6,290.0,-10.7,57.8,1003.0,27251.4304286268
2022-12-03,-5.9,4.7,5.942857143,5.9,290.0,-4.1,71.0,999.4,33208.27483456446
2022-12-05,-4.0,3.9,2.114285714,8.4,290.0,-15.2,34.4,1000.9,31341.20823327659
2022-12-06,-6.8,2.2,0.2,9.3,290.0,-6.4,68.1,996.7,30819.10540034856
2022-12-07,0.9,7.5,0.0,8.6,290.0,-1.9,65.8,996.4,33138.8966941184
2022-12-08,-1.7,9.9,0.0,7.7,290.0,-6.7,49.5,999.2,32567.92278311624
2022-12-09,-5.9,7.1,0.0,6.1,140.0,-4.5,70.1,997.1,30017.26374971412
2022-12-10,-5.6,7.8,0.0,6.4,340.0,-3.7,70.6,994.0,37975.31844765411
2022-12-12,-4.4,7.9,0.0,8.2,320.0,-3.5,69.6,993.9,30306.09241373328
2022-12-13,-3.8,3.7,6.4,9.4,290.0,-2.3,78.1,990.4,32850.65928127804
2022-12-14,-10.0,-3.7,3.8,10.4,290.0,-15.6,53.0,998.8,29988.30394842731
2022-12-15,-12.7,0.8,1.2,7.7,290.0,-9.4,77.9,998.6,31160.07988461713
2022-12-16,-7.6,-0.6,1.65,9.9,320.0,-12.0,54.4,1001.6,28714.123910583
2022-12-17,-9.0,-2.5,2.1,8.4,290.0,-14.3,53.6,996.8,21607.38291150644
2022-12-19,-9.6,-2.7,3.0,9.7,320.0,-13.2,56.8,998.9,30465.37373765726
2022-12-20,-11.3,1.7,3.45,7.0,290.0,-10.2,65.1,999.8,30981.39828878393
2022-12-21,-5.7,-0.4,3.9,4.4,160.0,-3.6,90.8,986.8,32477.11783082903
2022-12-22,-10.6,0.3,3.466666667,10.1,320.0,-14.3,53.0,980.9,27914.62064772101
2022-12-23,-12.7,-7.7,3.033333333,13.8,320.0,-16.6,62.1,983.2,32630.17985470389
2022-12-24,-16.3,-2.6,2.6,8.9,160.0,-14.9,69.9,992.3,40969.59655245155
2022-12-26,-12.6,0.4,1.733333333,2.7,160.0,-10.8,74.3,998.9,31564.45481288912
2022-12-27,-13.1,3.1,1.3,6.8,320.0,-10.7,65.0,1001.7,35776.79521076452
2022-12-28,-7.3,0.5,0.866666667,8.6,290.0,-9.2,60.1,1001.9,33851.58133591747
2022-12-29,-5.3,1.0,0.433333333,7.1,290.0,-12.8,46.9,1004.8,30928.43894564975
2022-12-30,-6.5,1.3,0.0,7.9,290.0,-9.0,60.8,1004.4,30784.89232527863
2022-12-31,-8.6,2.0,0.0,7.5,290.0,-7.9,61.0,1002.9,30870.78576406603
2023-01-02,-5.8,1.3,0.0,8.0,320.0,-15.2,38.3,1003.0,20890.85140813082
2023-01-03,-10.0,1.2,0.0,7.8,290.0,-15.6,42.8,1001.8,26833.37155103474
2023-01-04,-8.6,2.6,0.0,8.5,290.0,-11.5,47.1,1003.0,35867.34315391862
2023-01-05,-10.3,4.1,0.0,6.6,290.0,-8.6,64.8,1003.7,37001.59084257868
2023-01-06,-9.0,5.7,0.0,2.9,320.0,-7.7,69.3,996.6,31380.62545166647
2023-01-07,-2.5,3.0,1.2,7.9,290.0,-3.3,75.6,992.4,32154.16096027226
2023-01-09,-3.8,7.7,0.0,6.9,320.0,-3.2,68.3,997.4,27287.76910735974
2023-01-10,-7.3,8.5,0.0,3.1,320.0,-4.9,75.5,1002.3,29689.9134823612
2023-01-11,-6.7,10.7,0.0,7.2,320.0,-7.6,61.1,999.4,29699.88514532868
2023-01-12,-5.9,12.1,0.0,3.6,320.0,-6.5,60.4,997.8,30130.61372522544
2023-01-13,2.1,8.7,22.3,3.0,320.0,6.1,100.0,987.1,30233.45448425871
2023-01-14,3.0,7.6,1.3,2.5,290.0,5.4,100.0,988.6,27082.39599563697
2023-01-16,-7.0,-0.7,4.2,9.1,290.0,-7.9,70.1,996.6,26843.70502291034
2023-01-17,-7.6,0.8,4.2,6.9,290.0,-8.4,69.3,999.0,23094.32769755867
2023-01-18,-5.1,2.7,4.2,6.4,290.0,-7.9,62.4,998.9,30972.12050683236
2023-01-19,-8.7,3.9,4.2,7.6,320.0,-7.6,70.1,997.3,30221.40357123224
2023-01-20,-6.3,2.7,0.0,12.7,290.0,-13.3,44.6,998.5,33384.94230377292
2023-01-25,-17.7,-6.0,0.0,10.5,320.0,-22.8,43.5,1001.8,31314.43298969072
2023-01-26,-14.3,-4.1,0.8,5.3,160.0,-12.4,72.6,997.6,34872.61788327033
2023-01-27,-9.4,-3.9,0.8,8.7,290.0,-14.5,54.9,993.4,25365.96524052223
2023-01-28,-10.8,-2.0,0.8,8.3,290.0,-16.0,46.0,994.1,37408.60115934896
2023-01-30,-5.3,2.5,0.2,8.9,290.0,-11.9,47.0,995.7,30090.37646325968
2023-01-31,-10.5,6.4,0.2,2.5,320.0,-10.0,62.3,993.0,30838.59495207266
2023-02-01,-5.0,6.7,0.2,10.4,290.0,-6.5,52.8,991.3,35892.76370795073
2023-02-02,-7.2,3.7,0.2,7.1,290.0,-11.6,47.6,999.0,32850.34296899749
2023-02-03,-5.5,5.3,0.2,6.4,290.0,-12.3,43.6,996.0,32056.16868397355
2023-02-04,-4.0,3.9,0.2,7.3,290.0,-10.4,49.0,997.6,35483.28586263799
2023-02-06,-8.6,9.2,0.2,2.7,320.0,-7.6,59.8,996.1,30940.34167734337
2023-02-07,-6.2,11.0,0.2,3.6,320.0,-7.9,51.9,994.8,28995.16134265902
2023-02-08,-6.3,8.2,0.2,6.4,320.0,-7.3,59.4,999.2,36445.09523439431
2023-02-09,-7.2,9.8,1.1,4.5,320.0,-5.1,64.1,1002.2,34106.84525275585
2023-02-10,0.2,6.7,7.8,7.4,320.0,0.8,88.5,994.0,29062.38967329721
2023-02-11,-5.3,7.3,7.8,6.2,140.0,-1.6,90.5,997.6,29376.02146690549
2023-02-13,1.7,7.6,7.8,3.3,320.0,-0.1,75.8,992.7,26902.30177684716
2023-02-14,-1.7,8.3,0.1,4.0,160.0,-2.4,74.3,996.0,39031.68974590102
2023-02-15,-2.8,5.2,0.1,3.3,320.0,-4.1,70.3,1003.7,34799.66033619439
2023-02-16,-1.8,6.3,0.1,6.2,320.0,-3.0,70.8,1004.1,34156.87701641249
2023-02-17,-2.8,9.6,0.1,6.2,160.0,-3.9,63.3,1001.3,34302.67877444759
2023-02-18,2.0,7.6,0.0,7.3,140.0,-1.5,64.3,994.2,34021.93783068783
2023-02-20,-3.0,4.5,0.0,9.4,290.0,-12.0,41.5,998.0,35921.35602205186
2023-02-21,-7.6,4.9,0.0,6.6,320.0,-13.0,45.1,1007.1,35649.66201424933
2023-02-22,-8.2,8.6,0.0,7.1,320.0,-6.6,59.5,1003.3,36842.77875048109
2023-02-23,-0.4,10.2,0.0,10.8,290.0,-6.5,44.8,996.4,36740.85078278163
2023-02-24,1.2,9.3,0.0,7.5,320.0,-6.9,45.4,996.7,34493.06482989067
2023-02-25,-3.1,6.7,0.0,7.6,320.0,-10.0,41.5,1003.7,30534.99996574938
2023-02-27,-7.2,14.3,0.0,6.0,320.0,-8.6,44.3,1007.0,33773.39448263119
2023-02-28,-5.1,14.0,0.0,6.5,320.0,-7.1,47.5,1000.0,38749.94268106099
2023-03-01,3.0,10.9,0.0,8.8,290.0,-2.4,55.9,994.7,42616.63573317355
2023-03-02,-1.5,6.5,0.0,7.2,320.0,-13.7,30.8,999.5,29535.918523141
2023-03-03,-4.8,10.6,0.0,8.4,290.0,-7.3,45.8,1000.6,36429.74708650121
2023-03-04,-3.5,14.5,0.0,3.6,320.0,-3.2,59.5,1002.6,35686.35338655987
2023-03-06,-3.1,16.6,0.0,7.1,320.0,-6.2,45.8,997.3,31411.10017014528
2023-03-07,-0.2,19.6,0.0,3.7,160.0,-2.6,44.1,994.9,35750.53193143567
2023-03-08,1.0,20.6,0.0,5.8,320.0,-1.6,46.8,993.6,32233.32593315011
2023-03-09,4.5,20.2,0.0,7.1,320.0,1.6,52.5,990.1,38413.64466186217
2023-03-10,1.8,22.0,0.0,3.6,320.0,-1.2,46.1,994.5,32744.64302994554
2023-03-11,2.8,22.1,0.0,5.4,320.0,1.6,48.0,996.6,22043.95673843153
2023-03-13,-2.5,7.6,5.8,9.5,290.0,-13.1,31.8,995.3,35000.85309056439
2023-03-14,-1.5,16.6,5.8,3.6,320.0,-5.5,49.3,993.4,34880.89167299509
2023-03-15,-1.9,19.8,5.8,6.7,340.0,1.5,60.1,994.2,36140.93897837245
2023-03-16,1.8,11.2,5.8,8.6,290.0,-11.9,27.5,1000.7,30806.5493092239
2023-03-17,-0.9,12.6,5.8,6.7,320.0,-4.5,45.3,997.7,39083.77502819238
2023-03-18,2.6,16.3,5.8,7.0,320.0,-3.6,46.6,992.3,27246.91133030131
2023-03-20,-1.1,18.8,5.8,5.2,290.0,-4.2,44.1,990.0,37853.07680941979
2023-03-21,1.0,21.7,5.8,3.3,320.0,-3.1,43.8,987.4,43227.4764645777
2023-03-22,2.3,22.4,0.0,3.5,320.0,5.8,60.3,986.0,41885.81397759313
2023-03-23,8.7,16.7,26.0,4.9,320.0,12.7,96.3,982.0,38450.65484352691
2023-03-24,6.0,13.3,26.0,3.1,70.0,5.9,80.1,991.4,38487.40684203954
2023-03-25,6.6,9.8,26.0,2.6,140.0,4.5,78.3,994.4,42010.69897976971
2023-03-27,-0.3,14.1,26.0,7.2,320.0,-7.6,36.3,995.3,39228.60594997639
2023-03-28,-2.3,16.8,26.0,6.4,320.0,-2.8,51.5,998.1,43772.80326690047
2023-03-29,-0.4,19.9,26.0,5.6,320.0,-1.6,49.5,996.5,45733.48792658927
2023-03-30,1.2,21.9,26.0,7.9,290.0,-4.7,34.5,993.8,35249.39422190368
2023-03-31,2.5,23.9,26.0,6.8,320.0,-1.8,39.3,992.8,37072.25638674298
2023-04-01,3.1,23.8,26.0,5.9,320.0,0.5,48.1,992.3,36625.58685444123
2023-04-03,1.4,22.2,26.0,4.9,160.0,0.0,48.5,998.8,39269.23979017702
2023-04-04,3.7,19.7,4.5,6.2,320.0,3.8,60.6,995.9,35652.64988284684
2023-04-05,10.7,14.5,66.8,4.3,70.0,12.0,97.6,986.0,36697.47951242418
2023-04-06,8.2,13.0,1.8,8.0,290.0,7.3,83.1,985.0,38315.97660961049
2023-04-07,4.2,15.1,1.1,9.5,290.0,-0.7,52.3,987.2,38433.29930929389
2023-04-08,2.1,14.1,1.1,11.3,290.0,-5.7,39.0,992.1,41618.34280833341
2023-04-10,3.0,22.1,1.1,6.7,320.0,-2.9,36.9,989.9,43313.49158268823
2023-04-11,4.4,18.9,2.8,9.0,320.0,6.7,70.3,986.3,43404.25113343511
2023-04-12,7.3,16.2,2.8,9.7,290.0,-10.9,21.1,991.0,47344.55750496496
2023-04-13,-0.1,21.6,2.8,6.1,320.0,-3.8,38.5,992.2,37188.38266373762
2023-04-14,5.9,22.9,2.8,5.1,320.0,1.8,47.4,988.3,38513.59947459332
2023-04-15,6.0,17.1,0.8,9.5,320.0,7.0,77.6,979.9,28473.27396503093
2023-04-17,1.1,18.6,0.8,3.6,320.0,2.9,64.3,990.5,38844.8603004235
2023-04-18,8.1,14.2,2.1,2.1,340.0,9.0,85.9,987.5,42678.26348629312
2023-04-19,7.0,25.3,2.1,4.0,160.0,9.8,75.4,986.0,40437.87905484741
2023-04-20,11.3,23.5,2.1,9.0,320.0,13.8,75.4,984.5,40703.55043112393
2023-04-21,7.1,17.4,2.1,5.5,110.0,5.7,63.9,988.5,42953.86373502878
2023-04-22,4.5,20.4,2.1,4.2,340.0,1.9,55.0,995.5,37106.68134806604
2023-04-24,5.0,16.7,2.1,4.0,140.0,3.8,64.4,999.5,45582.8784072283
2023-04-25,3.6,9.9,4.7,4.3,320.0,5.8,89.3,990.7,40682.24369151006
2023-04-26,3.0,14.3,0.5,9.6,320.0,3.2,67.5,988.0,45527.42585841043
2023-04-27,0.3,21.1,0.5,3.3,320.0,2.8,63.0,994.9,38009.3771008562
2023-04-28,3.6,24.8,0.0,5.9,320.0,5.3,56.9,990.9,46050.98920929046
2023-04-29,9.4,17.3,8.9,9.2,290.0,10.3,83.6,981.9,34000.26519313225
2023-05-01,8.0,19.3,0.0,7.5,290.0,3.2,52.4,991.4,47151.56719934919
2023-05-02,3.0,23.7,0.0,3.6,320.0,4.2,57.6,997.9,52362.72732356854
2023-05-03,8.7,25.9,0.0,4.2,140.0,5.9,51.8,995.7,47039.76779713322
2023-05-04,10.7,23.7,0.0,4.9,180.0,11.5,68.3,990.6,43653.43423321782
2023-05-05,14.8,18.0,63.2,1.4,50.0,16.7,100.0,981.0,45639.24019279218
2023-05-06,9.2,18.1,52.3,3.6,160.0,12.1,97.3,982.9,34480.55046208509
2023-05-08,2.0,21.4,0.3,3.7,180.0,4.2,65.9,991.2,52587.60670851071
2023-05-09,4.4,25.1,0.3,7.5,290.0,4.4,54.3,990.7,54771.32379801441
2023-05-10,7.0,25.3,0.3,4.7,320.0,4.9,51.9,991.6,53874.78509906614
2023-05-11,7.1,23.7,0.3,3.6,160.0,6.9,61.6,994.6,48175.84353667607
2023-05-12,7.5,23.6,0.3,3.1,340.0,7.5,60.1,992.1,49255.06590472349
2023-05-13,9.7,24.2,0.0,3.5,160.0,9.4,66.5,987.7,41353.12283443623
2023-05-15,8.0,26.7,0.0,3.5,320.0,9.3,62.6,984.2,54895.98174336923
2023-05-16,11.4,31.8,0.0,5.6,160.0,12.1,62.1,986.4,55273.40528612282
2023-05-17,10.6,31.0,0.0,4.8,290.0,9.2,48.1,988.5,55434.03360234668
2023-05-18,14.7,21.7,0.0,5.1,160.0,12.9,74.8,987.5,58705.3974896232
2023-05-19,11.8,22.9,0.0,2.7,320.0,12.7,75.0,985.5,51703.64246690739
2023-05-20,9.6,27.2,0.0,7.1,320.0,12.7,68.5,985.8,38430.24187731057
2023-05-22,12.3,21.5,0.0,4.7,320.0,9.8,63.5,983.8,51491.28858325328
2023-05-23,8.3,24.4,0.5,5.3,320.0,7.6,66.1,986.1,58022.12201847823
2023-05-24,7.1,25.1,0.5,3.1,320.0,7.4,60.5,990.5,59155.7249957119
2023-05-25,11.3,26.8,0.5,4.0,320.0,8.2,50.3,991.2,54635.18552852326
2023-05-26,14.7,27.2,0.0,4.6,290.0,10.9,54.6,993.4,60987.46197199868
2023-05-27,14.8,22.2,0.8,2.3,320.0,16.3,85.9,993.5,39082.87465850277
2023-05-29,17.9,22.0,21.9,1.9,140.0,19.3,98.6,986.7,54396.40496733657
2023-05-30,13.0,23.9,21.9,4.0,320.0,15.1,82.1,987.3,61274.92855656748
2023-05-31,10.5,25.9,21.9,3.4,320.0,9.7,61.3,987.5,62706.17324365
2023-06-01,12.6,25.1,21.9,2.8,160.0,13.4,71.8,982.3,66747.15091440793
2023-06-02,17.1,27.2,21.9,6.0,290.0,15.0,67.4,977.4,66324.33253496808
2023-06-03,14.2,27.0,21.9,6.1,290.0,11.0,57.6,983.0,52330.48752834467
2023-06-05,13.1,26.5,21.9,7.1,320.0,11.7,56.5,986.0,75585.54673281948
2023-06-06,16.1,27.7,21.9,6.7,320.0,13.0,60.3,982.2,93827.54577856135
2023-06-07,17.7,26.0,21.9,7.4,320.0,15.3,70.0,984.2,78036.2451689291
2023-06-08,15.8,28.6,24.6,7.6,320.0,15.8,77.6,980.5,69779.56425741773
2023-06-09,15.7,27.4,0.1,5.7,290.0,13.3,65.5,979.8,78303.47870543342
2023-06-10,15.1,28.3,1.5,4.7,140.0,15.4,75.1,981.7,65383.83570819633
2023-06-12,17.3,27.0,6.5,3.7,290.0,17.8,87.3,981.4,67130.95840693147
2023-06-13,15.3,25.2,38.4,5.8,20.0,16.7,87.6,980.2,71668.92849012412
2023-06-14,13.6,26.0,8.9,4.7,290.0,15.3,81.0,981.9,67269.32433355969
2023-06-15,13.3,23.0,11.2,6.1,140.0,15.8,92.8,984.8,71685.77760033307
2023-06-16,14.4,29.2,11.2,5.7,290.0,16.6,75.3,988.2,71604.94424890382
2023-06-17,15.8,31.5,11.2,5.4,290.0,16.6,64.9,987.3,64793.96966753032
2023-06-19,18.2,31.2,11.2,3.7,160.0,17.0,67.1,983.7,73595.8293419475
2023-06-20,16.1,25.2,0.0,2.2,320.0,15.9,75.1,982.5,81489.65051406976
2023-06-21,16.3,20.8,51.2,2.5,320.0,18.7,99.8,978.1,89375.35518826188
2023-06-22,17.9,26.4,3.8,6.7,320.0,17.5,81.6,979.1,75045.71019965141
2023-06-23,15.4,29.0,3.8,2.8,160.0,18.0,79.1,985.5,77926.81666698598
2023-06-24,17.7,29.8,3.8,2.9,160.0,18.6,75.9,990.4,86868.53789508129
2023-06-26,18.9,22.6,85.8,2.9,50.0,20.8,99.4,984.7,90660.82908140533
2023-06-27,21.5,28.7,26.7,7.7,320.0,20.2,78.6,984.5,87668.55204329568
2023-06-28,19.4,28.8,0.7,6.1,110.0,20.3,80.6,984.0,88140.70975013248
2023-06-29,20.3,23.7,122.0,2.5,160.0,22.5,99.8,978.3,97641.74712244974
2023-06-30,21.8,24.2,94.8,2.8,140.0,22.6,100.0,977.2,105214.1224322492
2023-07-01,21.0,30.1,94.8,2.9,160.0,22.0,86.9,981.9,68241.69000933708
2023-07-03,20.0,31.8,94.8,2.6,290.0,20.9,79.0,982.7,97065.87500282127
2023-07-04,21.0,26.5,42.1,2.5,110.0,22.0,94.6,978.5,81458.05164179142
2023-07-05,19.8,26.8,42.5,8.8,290.0,20.2,82.8,971.4,94474.82310592986
2023-07-06,18.2,31.3,42.5,3.8,160.0,20.0,79.1,979.1,81477.98111352234
2023-07-07,17.9,24.6,30.9,3.2,140.0,18.8,91.0,980.2,76971.27456252373
2023-07-08,18.3,27.8,2.6,2.4,160.0,21.3,88.9,979.5,51637.6404494382
2023-07-10,19.8,30.1,30.4,2.9,160.0,21.9,90.5,980.9,67726.18611843632
2023-07-11,20.3,24.3,17.7,2.4,160.0,22.4,99.0,982.1,82453.22092877328
2023-07-12,20.9,29.4,0.3,2.8,340.0,22.7,91.8,981.9,74933.5312767649
2023-07-13,21.8,24.8,45.2,1.9,70.0,23.4,100.0,981.8,80830.37315537412
2023-07-14,22.7,24.6,123.3,4.6,160.0,23.6,100.0,976.0,59004.82496120146
2023-07-15,20.2,23.5,161.6,3.7,110.0,21.9,100.0,978.4,52428.71728731918
2023-07-17,22.0,30.5,4.3,4.2,70.0,23.6,93.4,988.0,78822.20074539351
2023-07-18,21.6,24.6,21.3,2.8,140.0,22.7,99.9,987.4,65038.7949161676
2023-07-19,19.6,30.7,21.3,3.0,320.0,22.3,86.9,983.4,71816.96004053547
2023-07-20,20.9,32.1,21.3,4.2,290.0,22.3,83.1,985.1,70437.5079275819
2023-07-21,20.6,32.1,21.3,5.2,160.0,22.7,85.3,988.9,47537.75750347353
2023-07-22,21.0,29.6,21.3,3.0,140.0,21.0,81.0,990.1,46724.09710732164
2023-07-24,22.7,29.3,17.6,3.4,140.0,23.7,92.9,985.5,39763.51140553028
2023-07-25,22.5,29.4,3.4,3.6,160.0,23.5,94.0,989.4,43589.85127621501
2023-07-26,22.3,28.7,54.7,6.2,140.0,23.3,97.0,991.6,42530.06868510653
2023-07-27,21.5,30.6,54.7,2.2,140.0,24.0,92.9,991.0,46115.60706368661
2023-07-28,22.3,32.9,54.7,3.4,180.0,24.1,86.9,990.6,43683.68008625511
2023-07-29,22.5,33.4,54.7,3.3,160.0,23.9,84.3,990.7,40909.43237184356
2023-07-31,22.7,32.5,1.1,5.8,320.0,23.9,86.3,988.9,42885.64099195496
2023-08-01,21.7,32.9,1.1,2.7,320.0,22.6,79.9,987.3,44115.61310047792
2023-08-02,22.2,33.6,1.1,3.5,320.0,23.5,80.8,984.2,49343.71400071459
2023-08-03,21.9,33.4,1.1,6.9,320.0,23.0,78.3,982.5,45688.12265024996
2023-08-04,22.8,33.8,1.1,4.9,290.0,23.7,81.4,980.7,59300.06684549496
2023-08-05,22.7,34.7,1.1,4.0,290.0,23.3,76.9,977.0,108177.7994664261
2023-08-07,23.1,34.6,0.0,4.4,160.0,24.0,88.4,976.9,64267.33072133519
2023-08-08,23.2,33.8,0.0,4.4,140.0,22.9,78.0,979.6,75035.36806824029
2023-08-09,22.9,29.4,23.6,3.3,320.0,23.0,91.1,980.3,75841.9262418105
2023-08-10,20.3,24.1,108.8,7.3,160.0,21.5,99.0,970.4,78874.77180899786
2023-08-11,20.5,29.8,0.6,4.4,180.0,22.1,90.6,977.3,72003.97814947108
2023-08-12,21.1,28.7,0.1,4.5,320.0,21.7,87.9,980.6,77796.19232390267
2023-08-14,21.1,31.7,0.4,2.7,340.0,22.3,84.9,982.7,86224.53453367943
2023-08-15,21.2,32.7,0.4,3.8,50.0,21.7,79.9,980.9,87045.44743111647
2023-08-16,20.1,31.0,0.0,3.0,180.0,21.7,80.4,980.3,100626.8432818886
2023-08-17,22.3,28.9,0.0,2.6,140.0,22.6,88.6,982.1,81856.04145367566
2023-08-18,21.9,32.2,2.8,4.7,320.0,22.9,87.6,983.9,82811.26722807967
2023-08-19,23.5,31.7,3.0,2.6,160.0,24.1,88.9,986.3,74109.64113745482
2023-08-21,22.5,31.8,1.5,2.6,320.0,23.6,89.5,985.2,70694.60758741446
2023-08-22,22.2,31.5,1.5,2.4,340.0,23.4,85.9,982.0,78951.97493175755
2023-08-23,23.0,31.0,1.1,2.5,20.0,24.0,90.3,982.5,68217.62907406254
2023-08-24,21.9,23.8,61.1,2.8,320.0,22.6,100.0,983.4,72547.16143198892
2023-08-25,21.0,29.9,10.1,6.3,320.0,21.0,81.4,983.4,63592.81161549807
2023-08-26,18.1,30.5,10.1,3.0,160.0,20.1,83.9,985.6,65021.06412878846
2023-08-28,20.9,28.0,0.0,2.8,290.0,21.0,84.3,985.0,73555.83494465063
2023-08-29,22.5,25.8,37.5,2.4,110.0,23.6,98.0,983.1,76059.84502734641
2023-08-30,20.0,24.2,65.5,5.6,290.0,21.3,98.8,985.0,69528.86933887342
2023-08-31,18.7,26.2,1.7,4.0,160.0,19.9,87.9,986.4,81383.83229270195
2023-09-01,16.5,28.2,1.7,2.6,160.0,18.3,86.0,987.7,83913.88043240433
2023-09-02,15.6,29.4,1.7,3.0,320.0,18.4,78.5,988.5,78019.50382083232
2023-09-04,20.4,30.9,0.0,2.4,320.0,21.4,80.9,988.8,76855.92929973871
2023-09-05,19.7,30.1,0.0,2.7,320.0,20.5,83.9,988.2,73422.4800986873
2023-09-06,17.7,30.3,0.0,2.9,320.0,18.1,76.9,988.6,73774.85353309613
2023-09-07,12.8,29.4,0.0,3.4,320.0,14.4,71.8,991.2,68380.01626544571
2023-09-08,13.3,28.4,0.0,2.9,320.0,15.8,78.0,989.5,77677.19745607115
2023-09-09,16.6,28.4,0.0,2.6,140.0,17.9,81.3,987.8,64239.47694812065
2023-09-11,17.2,29.3,0.0,2.7,290.0,19.3,84.9,985.7,67299.85961676434
2023-09-12,19.1,30.0,0.0,2.9,320.0,20.1,84.0,986.9,64870.42365018379
2023-09-13,19.9,24.4,38.0,2.8,320.0,21.4,98.0,987.5,71329.17596641263
2023-09-14,19.2,24.9,17.5,1.9,160.0,20.3,94.6,989.2,63616.56950907979
2023-09-15,19.7,23.1,9.0,2.0,290.0,20.8,98.9,990.6,65373.99100288882
2023-09-16,20.7,25.7,15.9,2.5,290.0,21.9,97.8,989.0,74761.46956015882
2023-09-18,19.2,28.9,0.6,4.4,320.0,21.0,89.3,988.4,69633.78315101516
2023-09-19,17.9,27.6,0.6,5.0,290.0,18.5,78.9,989.8,70094.87589810196
2023-09-20,18.6,21.7,102.0,2.3,320.0,19.5,99.4,987.1,73201.39733468209
2023-09-21,15.9,21.3,0.2,3.6,320.0,17.0,91.6,986.8,79074.20772380153
2023-09-22,14.2,24.1,0.2,2.7,290.0,15.0,83.8,991.6,72259.32431268005
2023-09-23,12.3,25.7,0.2,4.1,320.0,13.6,79.9,996.0,71229.2452938577
2023-09-25,15.3,24.8,8.9,2.5,320.0,16.4,82.6,993.0,58930.8024159093
2023-09-26,17.9,19.2,39.9,1.2,290.0,18.7,100.0,989.8,57850.36489644583
2023-09-27,18.8,22.2,1.7,5.6,290.0,20.1,99.5,987.1,62511.68821598624
2023-09-28,17.2,25.5,1.7,5.7,290.0,17.1,77.4,988.8,38854.04803778954
2023-10-02,7.1,22.6,2.2,4.5,290.0,8.8,76.4,993.7,65479.21274610022
2023-10-03,8.3,19.4,2.2,2.7,320.0,10.8,88.0,993.8,79671.73646033999
2023-10-04,7.1,22.2,1.6,6.6,290.0,10.8,81.0,989.1,88657.81785442421
2023-10-05,7.9,17.9,1.6,7.9,290.0,3.8,55.0,990.2,93863.27774933471
2023-10-06,4.5,20.1,1.6,2.7,320.0,6.7,73.5,994.1,94213.72414521888
2023-10-07,7.2,20.6,0.0,3.0,320.0,10.4,82.1,998.1,96203.67059555117
2023-10-09,7.8,22.2,0.0,4.3,320.0,11.2,81.5,994.9,88455.00266817742
2023-10-10,9.4,22.5,0.0,5.0,320.0,10.3,74.0,995.8,78198.73287629288
2023-10-11,5.9,21.5,0.0,3.2,320.0,8.6,77.9,1000.3,76031.91014466585
2023-10-12,6.2,22.5,0.0,2.8,320.0,9.4,79.9,999.6,69678.71057363832
2023-10-13,9.9,20.5,0.0,3.2,320.0,11.3,82.6,993.4,65220.92518062145
2023-10-14,7.3,18.5,8.5,4.7,320.0,10.4,90.1,986.0,71472.46068349293
2023-10-16,9.6,20.4,8.5,5.1,290.0,8.3,70.8,989.7,63211.65956209727
2023-10-17,3.2,20.1,8.5,4.7,320.0,5.4,73.8,994.1,63424.32106630543
2023-10-18,2.8,21.0,8.5,2.5,320.0,7.7,82.8,994.7,69368.94680605488
2023-10-19,7.0,17.1,3.5,2.2,320.0,10.8,91.3,991.3,69341.6323729023
2023-10-20,6.6,14.7,6.1,8.6,290.0,2.1,55.5,990.1,69427.33225001136
2023-10-21,2.9,14.3,0.0,7.6,290.0,1.1,64.9,994.9,72383.77985946277
2023-10-23,4.4,19.5,0.0,5.4,320.0,7.0,83.1,997.8,75226.127480023
2023-10-24,3.9,19.5,0.0,6.0,320.0,7.6,83.3,995.4,84056.34520203393
2023-10-25,4.9,21.9,0.0,5.1,110.0,7.5,79.0,993.0,73618.37663690676
2023-10-26,6.3,21.6,10.5,6.3,320.0,10.0,86.9,990.0,75395.31329044432
2023-10-27,5.7,17.8,10.5,5.2,320.0,8.8,85.5,989.6,76738.94639946126
2023-10-28,4.7,18.5,10.5,3.4,320.0,7.3,83.4,993.9,68622.58970618171
2023-10-30,3.4,20.0,10.5,4.4,320.0,6.8,79.4,997.4,60867.72063687444
2023-10-31,3.8,21.5,10.5,7.4,320.0,4.9,74.3,996.7,70588.86742184225
2023-11-01,4.5,19.3,10.5,2.7,140.0,8.5,83.9,994.3,61342.26457437278
2023-11-02,7.9,24.1,10.5,2.9,320.0,10.5,82.3,992.9,67822.09585006245
2023-11-03,6.6,23.8,10.5,5.0,320.0,10.4,77.6,991.4,54236.65639794015
2023-11-04,12.5,19.4,2.3,2.2,290.0,14.0,91.3,996.9,74979.26642217944
2023-11-06,7.3,20.6,38.0,8.8,160.0,10.1,73.4,982.0,53366.01896583864
2023-11-07,1.1,10.9,0.1,9.9,290.0,-1.3,57.6,993.6,49849.38327030308
2023-11-08,-1.4,16.7,0.1,3.0,320.0,0.7,72.3,997.7,65127.84864537455
2023-11-09,0.9,18.1,0.6,3.2,160.0,6.7,82.1,995.1,60893.42086646862
2023-11-10,2.5,14.2,1.0,10.0,290.0,-2.1,51.0,996.6,55000.79431499683
2023-11-11,-2.5,7.7,1.0,6.4,320.0,-5.6,55.5,1001.1,58831.37505656349
2023-11-13,-1.5,7.0,1.0,7.5,290.0,-7.7,47.6,1000.3,70898.86618111478
2023-11-14,-2.6,9.7,1.0,7.3,290.0,-3.5,61.0,1000.1,53264.55113795109
2023-11-15,-3.4,12.8,1.0,6.9,290.0,-1.4,73.1,1001.7,66609.61809255989
2023-11-16,-1.3,6.7,3.2,5.3,320.0,1.8,89.4,994.6,74773.3309524087
2023-11-17,-1.0,7.8,0.5,7.9,320.0,-4.6,59.4,986.4,59458.99388041424
2023-11-18,-4.2,4.2,0.5,9.7,290.0,-7.9,53.9,989.9,67693.43247389424
2023-11-20,-1.7,12.1,0.5,7.3,320.0,-2.3,61.4,997.3,60966.90220227885
2023-11-21,-4.5,14.1,0.5,2.8,320.0,-2.8,68.6,996.2,64216.97561935271
2023-11-22,-4.0,14.6,0.5,3.1,320.0,-0.8,70.1,991.9,68122.16769576137
2023-11-23,3.6,17.3,0.2,9.7,290.0,0.9,59.1,987.3,58150.01275819097
2023-11-24,-2.7,5.1,0.2,9.6,290.0,-10.9,43.3,999.5,56877.16638822916
2023-11-25,-6.2,5.3,0.2,8.5,320.0,-12.1,47.5,1005.1,73569.38241279758
2023-11-27,2.4,7.0,5.4,6.5,160.0,2.9,94.5,989.3,56948.51786357622
2023-11-28,0.9,6.7,0.0,10.7,290.0,-5.0,56.0,993.7,49639.69126503568
2023-11-29,-1.7,5.1,0.4,11.0,290.0,-5.7,60.3,997.3,66422.67341857715
2023-11-30,-6.3,-0.9,0.4,8.9,290.0,-12.6,50.1,1000.2,56195.57363878832
2023-12-01,-5.7,1.2,0.4,8.2,290.0,-12.4,44.9,998.3,43694.86895656009
2023-12-02,-5.3,6.3,0.4,5.7,140.0,-5.3,61.4,998.4,39547.97619047619
2023-12-04,-7.5,8.8,0.4,6.2,290.0,-8.0,58.5,995.9,58278.62125058653
2023-12-05,-5.5,10.9,0.4,2.8,320.0,-4.5,69.3,992.3,73516.2187075601
2023-12-06,-4.4,8.0,1.4,9.1,320.0,-0.9,80.6,985.5,64500.95665939459
2023-12-07,-0.7,10.0,1.4,11.4,320.0,-4.4,55.3,989.4,72655.09464074271
2023-12-08,-3.0,13.7,1.4,3.2,320.0,0.5,79.9,990.8,75125.98134271959
2023-12-09,0.4,16.4,1.4,3.0,320.0,4.9,88.4,993.3,57964.45619982854
2023-12-11,8.5,11.6,38.4,3.0,320.0,8.8,94.5,993.2,72639.72289269003
2023-12-12,0.7,9.3,0.1,4.4,160.0,2.3,80.5,995.5,77135.49886700552
2023-12-13,-1.9,10.9,0.1,3.0,320.0,2.1,87.4,1003.3,70849.32904439936
2023-12-14,4.2,10.3,24.0,2.6,320.0,6.6,95.0,999.1,73492.88302084105
2023-12-15,4.7,8.9,34.5,2.9,160.0,6.9,100.0,987.1,72524.73988654836
2023-12-16,-7.8,5.5,1.0,12.3,290.0,-6.0,74.1,992.2,64131.17007973875
2023-12-18,-12.2,-2.4,1.0,7.4,320.0,-14.6,55.3,1006.5,62442.48725690274
2023-12-19,-8.7,2.6,1.0,5.8,290.0,-8.8,63.1,1001.2,75190.6778972149
2023-12-20,-9.5,-1.5,1.0,8.6,290.0,-11.7,60.6,998.0,80856.18160035688
2023-12-21,-11.7,-6.9,1.0,9.1,290.0,-18.9,47.0,1000.6,73436.49854394516
2023-12-22,-13.2,-6.9,1.0,11.3,290.0,-19.3,46.8,1006.5,48481.88029246613
2023-12-23,-14.2,-0.8,1.0,5.8,290.0,-15.3,58.8,1009.0,59836.30952380953
2023-12-25,-8.8,1.6,0.3,8.1,320.0,-6.1,77.4,1002.0,79744.99522468052
2023-12-26,-0.7,5.1,0.3,8.2,320.0,-3.8,64.0,1002.5,80029.70077938541
2023-12-27,-5.1,7.3,0.3,3.1,320.0,-4.7,74.3,1004.5,81514.26185391076
2023-12-28,-6.8,5.9,0.3,8.0,320.0,-5.8,68.8,1001.6,86518.82999633077
2023-12-29,-6.4,5.9,0.3,7.6,320.0,-4.7,75.5,1000.3,80993.18382733199
2023-12-30,-5.9,3.1,1.7,2.5,320.0,-2.4,88.9,993.0,63207.84243427101
2024-01-03,0.4,4.4,3.1,7.7,290.0,-2.4,72.8,992.5,55231.82879525597
2024-01-08,-11.6,1.3,3.1,9.8,290.0,-14.5,47.5,999.5,82327.79622917004
2024-01-09,-5.5,-1.3,0.9,5.7,160.0,-6.2,78.9,993.8,85796.19082723929
2024-01-10,-5.8,6.6,0.9,4.4,290.0,-3.6,87.0,993.6,103060.9110114079
2024-01-11,-6.1,4.0,0.9,11.0,320.0,-4.2,75.3,991.4,88702.95773425688
2024-01-12,-0.3,6.2,0.9,9.2,290.0,-6.9,50.0,991.3,101579.4917136367
2024-01-13,-6.0,5.4,0.9,7.4,290.0,-11.3,46.5,997.9,93755.43304624976
2024-01-15,-2.9,1.9,3.5,8.6,290.0,-8.9,54.8,999.1,93088.09391302365
2024-01-16,-9.3,4.4,3.5,6.0,320.0,-9.4,65.9,1005.9,102798.0762903259
2024-01-17,-6.8,3.1,4.0,2.8,320.0,-4.2,77.5,1000.5,91118.75318478282
2024-01-18,0.7,6.5,4.3,2.2,320.0,3.1,100.0,997.6,88238.75025220569
2024-01-19,1.5,4.4,4.3,3.2,320.0,0.7,87.4,1003.9,83923.48975453079
2024-01-20,0.0,4.5,5.9,2.8,320.0,1.0,94.1,1000.4,91529.37546443433
2024-01-22,-10.2,2.4,5.9,10.1,320.0,-11.7,64.3,997.7,83133.87887605386
2024-01-23,-12.7,-7.8,5.9,10.0,290.0,-17.9,56.3,996.3,86440.89287679417
2024-01-24,-12.6,-5.3,5.9,7.8,290.0,-16.9,51.8,997.3,77740.87788044573
2024-01-25,-11.5,-1.1,5.9,7.9,290.0,-15.2,47.8,1000.5,73943.22926071285
2024-01-26,-9.8,3.3,5.9,6.9,290.0,-10.6,54.1,1001.5,72563.07422866722
2024-01-27,-5.8,4.9,5.9,7.3,290.0,-7.5,57.3,1000.1,71756.73191588615
2024-01-29,-9.4,5.0,5.9,5.9,290.0,-8.3,66.3,1004.1,71767.6046170274
2024-01-30,-9.0,7.3,5.9,3.0,320.0,-9.0,62.4,1003.2,67664.42724717219
2024-01-31,-3.6,11.9,5.9,6.2,140.0,-5.6,50.4,997.8,65788.50040809945
2024-02-01,-0.9,8.0,5.9,4.7,160.0,-3.9,62.1,999.4,72325.82676298627
2024-02-02,-1.4,6.8,5.9,3.3,320.0,-2.8,71.8,1002.1,65172.77328693997
2024-02-03,-1.9,6.8,1.5,2.6,320.0,-0.1,83.5,1002.7,70318.12944409833
2024-02-04,-0.5,8.5,0.0,2.3,320.0,0.6,82.0,1000.4,51100.0
2024-02-05,-0.6,6.5,7.3,3.7,20.0,0.3,86.9,995.6,70005.83930164269
2024-02-06,-1.8,1.6,2.1,4.5,70.0,-0.5,95.1,998.5,67647.88593957125
2024-02-07,-2.1,4.7,2.1,5.9,290.0,-4.1,71.6,996.4,63404.47029174671
2024-02-08,-5.7,5.5,2.1,6.1,320.0,-4.4,75.3,994.9,59326.95202473188
2024-02-13,-4.9,15.3,2.1,4.6,320.0,-1.0,68.5,1000.5,76129.51094720756
2024-02-14,1.9,14.9,2.1,3.0,320.0,4.2,81.4,996.6,47377.44929523006
2024-02-15,0.7,9.6,1.4,9.8,290.0,2.8,89.4,992.5,58997.82232264219
2024-02-16,-3.1,7.1,1.4,2.9,320.0,-3.8,69.6,998.8,70825.49350446319
2024-02-17,-5.2,12.1,1.4,3.1,320.0,-2.6,74.9,996.6,69669.97762237763
2024-02-19,8.5,14.2,25.1,7.4,320.0,10.5,96.3,986.5,96894.34396340142
2024-02-20,3.1,9.8,5.9,7.6,320.0,3.9,91.6,998.3,110755.2383569463
2024-02-21,0.2,3.5,21.1,2.8,160.0,1.7,98.0,997.5,101051.4802398743
2024-02-22,-1.1,1.7,5.4,2.1,180.0,-1.0,92.1,1001.3,101068.3761902004
2024-02-23,-1.3,3.1,0.6,3.1,290.0,-2.7,80.5,1004.6,94344.52078441526
2024-02-24,-3.3,3.2,1.4,3.3,320.0,-3.2,79.4,1003.7,90849.80830484205
2024-02-26,-1.8,8.5,0.0,3.6,140.0,-1.9,77.4,1001.8,97418.191087877
2024-02-27,-3.4,6.7,0.0,3.2,320.0,-3.7,71.9,1005.4,95828.93136314409
2024-02-28,-3.8,9.1,0.0,2.7,160.0,-2.0,75.3,1003.4,96597.81501424541
2024-02-29,-1.3,5.7,0.0,5.4,140.0,0.6,85.0,996.4,94782.44106754873
2024-03-01,-6.1,4.5,0.0,10.9,290.0,-14.5,39.5,994.3,91874.18297161153
2024-03-02,-9.7,3.9,0.0,5.9,290.0,-12.0,47.4,994.3,102344.1287878788
2024-03-04,2.7,12.0,1.2,8.2,290.0,-1.6,58.4,995.0,84913.7505969035
2024-03-05,3.8,6.4,4.2,2.4,320.0,4.0,94.1,990.3,80018.66835899687
2024-03-06,1.9,9.0,4.2,3.3,320.0,-0.3,71.0,991.3,92994.03881510711
2024-03-07,1.0,5.2,0.7,8.4,320.0,-1.8,73.8,991.4,89017.33642261605
2024-03-08,-0.6,7.1,0.7,9.7,290.0,-7.7,50.3,990.6,88017.40689281444
2024-03-09,-2.9,7.4,0.7,6.4,290.0,-9.6,44.1,997.2,90588.02341443459
2024-03-11,-2.4,10.4,0.7,2.7,320.0,-4.3,58.1,994.9,95224.19335920645
2024-03-12,-1.4,10.6,0.0,4.3,320.0,-0.4,77.1,989.6,87635.75564891259
2024-03-13,-3.9,12.1,0.0,7.4,290.0,-4.5,58.6,994.1,106097.848810011
