일시,최저기온(°C),최고기온(°C),강수량,최대 풍속(m/s),최다풍향,평균 이슬점온도(°C),평균 상대습도(%),평균 현지기압(hPa),총거래금액(원)
2020-01-02,-4.8,4.0,3.328571429,8.0,290.0,-5.1,65.6,1002.4,2859000
2020-01-03,-1.9,5.3,3.971428571,7.2,290.0,-6.9,52.9,999.3,159041400
2020-01-04,-6.3,5.7,4.614285714,6.8,290.0,-6.5,61.4,999.0,140294100
2020-01-06,-4.6,3.7,5.9,2.7,320.0,-2.1,81.3,1002.0,459338400
2020-01-07,3.0,9.4,58.4,3.4,320.0,6.5,100.0,987.1,309839600
2020-01-08,2.8,12.7,2.1,10.5,320.0,1.8,80.0,986.7,496829500
2020-01-09,-1.0,2.9,1.909090909,7.9,290.0,-5.4,65.6,996.2,608880500
2020-01-10,-5.9,5.8,1.718181818,6.9,320.0,-5.5,69.4,996.8,761518300
2020-01-11,-4.7,4.8,1.527272727,7.7,290.0,-6.2,63.5,993.1,556426200
2020-01-13,-3.4,1.8,1.145454545,8.1,290.0,-9.0,55.5,995.4,794292100
2020-01-14,-6.2,3.6,0.954545455,6.1,290.0,-10.5,50.9,998.7,526723200
2020-01-15,-6.9,2.4,0.763636364,6.4,290.0,-11.4,47.5,1001.0,400385100
2020-01-16,-8.3,4.5,0.572727273,5.7,320.0,-10.7,56.1,999.8,550960300
2020-01-17,-7.0,6.9,0.381818182,2.8,320.0,-7.7,63.6,996.4,353309200
2020-01-18,-3.1,6.7,0.190909091,6.0,290.0,-8.1,55.1,994.5,316100800
2020-01-19,-1.8,5.4,0.0,6.8,320.0,-4.8,60.6,992.6,8690400
2020-01-20,-0.5,4.7,0.125,7.6,290.0,-6.3,55.8,995.3,374324500
2020-01-21,-7.6,4.9,0.25,7.1,290.0,-9.9,55.4,1003.5,191713200
2020-01-22,-3.1,4.5,0.375,2.6,320.0,-7.2,54.3,999.9,158652000
2020-01-23,0.3,9.0,0.5,2.5,160.0,0.9,84.3,997.5,64165000
2020-01-24,-1.7,10.2,0.525,3.3,160.0,0.0,84.9,1004.2,18000000
2020-01-28,-0.8,10.9,0.0,3.9,20.0,-0.1,68.9,991.7,6017500
2020-01-29,-3.3,9.1,0.1,2.4,340.0,-1.5,75.5,990.1,56447100
2020-01-30,-1.2,8.0,0.0,4.0,320.0,-1.5,75.3,989.4,41503000
2020-01-31,-1.5,6.8,0.05,5.3,290.0,-1.6,78.1,993.7,74705300
2020-02-01,-3.1,5.1,0.1,7.6,290.0,-3.3,64.8,997.8,23840800
2020-02-03,-2.1,4.0,0.2,7.1,290.0,-9.3,47.8,999.2,170363500
2020-02-04,-8.8,5.0,0.25,7.4,320.0,-9.1,54.4,999.3,68886200
2020-02-05,-8.3,1.0,0.3,9.8,290.0,-16.5,42.0,1002.2,62374600
2020-02-06,-13.3,2.9,3.2,6.3,320.0,-14.3,52.5,1006.2,50615300
2020-02-07,-9.8,3.0,6.1,8.5,290.0,-10.4,57.6,1001.6,73994000
2020-02-08,-1.1,4.2,9.0,6.3,290.0,-8.0,52.6,999.5,26433000
2020-02-10,-2.6,8.9,14.8,7.1,290.0,-5.5,54.3,997.6,64192700
2020-02-11,-6.6,12.1,17.7,3.0,320.0,-5.8,56.8,1002.3,99178000
2020-02-12,1.5,8.0,20.6,2.6,320.0,3.7,90.0,992.6,119196200
2020-02-13,1.8,13.2,0.3,7.1,290.0,4.0,75.0,992.6,57153800
2020-02-14,0.1,15.8,0.7,3.2,320.0,1.5,75.0,995.3,71698700
2020-02-15,1.6,14.5,1.1,3.3,320.0,4.6,80.4,994.0,8714000
2020-02-17,-6.5,-2.9,0.0,9.2,290.0,-10.4,63.9,989.7,71125500
2020-02-18,-8.6,1.5,0.025,8.1,290.0,-11.8,51.1,999.3,75954600
2020-02-19,-7.1,8.2,0.05,6.7,320.0,-7.3,55.3,1003.2,65471400
2020-02-20,-3.6,11.8,0.075,5.3,320.0,-4.3,61.0,1007.2,83241700
2020-02-21,-3.3,12.4,0.1,5.5,160.0,-2.2,62.0,1004.6,42334800
2020-02-22,0.9,8.5,2.6,10.3,290.0,-3.6,57.4,997.2,26849700
2020-02-24,-5.2,14.9,21.6,6.7,290.0,-8.2,45.5,998.6,77819000
2020-02-25,3.1,6.5,31.1,3.5,290.0,4.5,96.6,993.2,75617200
2020-02-26,1.4,10.6,0.0,3.6,160.0,2.9,83.6,997.4,68555200
2020-02-27,-1.2,7.7,0.5,2.9,340.0,-0.1,81.6,1002.9,76951100
2020-02-28,-1.8,3.0,2.2,2.2,320.0,0.7,94.8,998.4,90788500
2020-02-29,1.2,12.2,1.5,3.2,320.0,2.5,85.4,992.8,28023400
2020-03-02,1.4,8.6,0.1,7.9,290.0,-3.2,59.6,996.2,199376600
2020-03-03,-1.1,10.9,0.05,4.3,320.0,0.2,71.4,998.9,108207800
2020-03-04,-0.5,7.6,0.0,11.1,290.0,-5.1,56.4,994.2,139900900
2020-03-05,-2.4,7.2,0.0,7.3,290.0,-8.4,48.6,997.9,103736400
2020-03-06,-6.9,12.9,0.0,5.4,320.0,-9.1,51.3,996.3,71645900
2020-03-07,-2.2,10.5,0.0,2.8,320.0,-3.0,60.1,993.1,45190500
2020-03-09,-1.0,15.3,0.0,3.0,320.0,2.2,70.0,989.4,121769100
2020-03-10,4.8,9.6,4.6,7.9,290.0,5.2,85.4,980.6,96180700
2020-03-11,0.9,8.0,3.68,8.0,290.0,-6.5,48.8,990.7,51698400
2020-03-12,-4.2,14.7,2.76,6.6,290.0,-6.6,43.9,995.9,125395500
2020-03-13,2.5,12.5,1.84,8.3,290.0,-6.3,40.3,994.0,99068300
2020-03-14,-1.3,9.2,0.92,7.4,290.0,-8.6,39.5,988.8,47431400
2020-03-16,-0.4,10.5,0.05,6.4,320.0,-8.3,41.4,994.7,136584900
2020-03-17,1.7,9.7,0.1,9.1,290.0,-0.8,63.8,990.1,118855800
2020-03-18,-2.1,17.7,0.866666667,5.1,320.0,-2.2,52.5,988.6,137888100
2020-03-19,-0.5,15.4,1.633333333,11.2,290.0,-3.5,51.4,980.9,156130800
2020-03-20,4.3,15.6,2.4,10.9,290.0,-5.9,35.5,987.6,111390500
2020-03-21,3.1,22.7,3.166666667,8.5,270.0,1.2,42.5,985.9,28894200
2020-03-23,-0.5,16.5,4.7,8.2,290.0,-1.9,56.1,991.8,174559200
2020-03-24,-1.8,16.8,5.466666667,4.4,160.0,-1.5,56.5,995.5,154549700
2020-03-25,-0.5,19.4,6.233333333,3.5,140.0,0.1,55.4,995.7,140649900
2020-03-26,3.5,20.7,7.0,4.8,180.0,6.0,70.6,991.7,96176400
2020-03-27,7.5,16.7,4.3,8.5,290.0,9.1,83.0,987.2,120544400
2020-03-28,2.1,11.5,4.03125,6.6,320.0,-0.3,60.9,994.7,26751700
2020-03-30,0.6,17.1,3.49375,3.6,320.0,1.5,64.9,995.4,143109700
2020-03-31,0.0,19.5,3.225,3.9,320.0,0.4,52.9,991.9,85900000
2020-04-01,5.5,19.0,2.95625,7.6,290.0,-0.7,45.3,987.9,102993400
2020-04-02,0.0,17.1,2.6875,7.0,320.0,-5.8,39.9,995.6,147495500
2020-04-03,3.1,17.6,2.41875,6.7,290.0,-8.2,26.1,994.5,117806500
2020-04-04,0.7,15.3,2.15,9.2,320.0,-3.5,44.1,992.6,36356800
2020-04-06,-3.5,17.3,1.6125,6.1,320.0,-6.8,38.6,994.3,160423500
2020-04-07,4.5,18.1,1.34375,7.9,320.0,-1.5,39.0,989.4,156969500
2020-04-08,2.3,15.0,1.075,8.3,290.0,-6.9,37.0,991.7,158053100
2020-04-09,-1.1,15.4,0.80625,7.4,320.0,-2.9,54.6,996.4,139203200
2020-04-10,4.0,14.2,0.5375,3.1,320.0,-0.9,51.5,999.7,146756500
2020-04-11,1.9,14.3,0.26875,3.6,320.0,-0.7,51.6,993.8,53345700
2020-04-13,1.3,16.5,2.06,6.8,340.0,-4.9,41.1,988.1,159339700
2020-04-14,-2.3,21.0,4.12,8.2,320.0,-7.4,33.9,990.6,190790000
2020-04-15,2.2,21.4,6.18,7.5,140.0,-2.3,38.4,989.3,135837600
2020-04-16,3.6,20.0,8.24,3.9,320.0,2.9,58.5,994.2,153606700
2020-04-17,6.6,11.9,10.3,2.8,320.0,6.9,87.9,989.8,80863900
2020-04-18,5.3,16.7,1.0,7.0,320.0,6.0,72.5,990.6,16251800
2020-04-20,8.0,15.5,0.0,9.7,290.0,5.1,71.0,984.7,134791800
2020-04-21,3.7,12.8,0.0,11.3,290.0,-3.9,46.0,987.3,170202100
2020-04-22,3.5,9.5,0.0,11.1,290.0,-5.2,45.1,988.9,141843800
2020-04-23,3.6,13.4,0.0,9.9,290.0,-4.9,43.0,989.3,195299600
2020-04-24,4.3,16.3,0.0,8.7,320.0,-4.4,41.0,988.3,173709000
2020-04-25,0.7,22.5,0.0,6.9,320.0,0.6,49.0,985.0,41406400
2020-04-27,2.1,17.2,0.0,7.5,320.0,0.8,58.9,994.5,156114500
2020-04-28,1.2,20.2,0.0,8.3,320.0,-1.1,46.8,994.2,164725300
2020-04-29,6.3,23.5,0.0,7.1,290.0,1.7,41.1,993.7,175154500
2020-04-30,8.7,25.3,0.0,6.7,320.0,4.9,42.1,990.6,107013100
2020-05-01,12.1,30.0,0.0,5.7,320.0,12.2,57.8,988.1,80378300
2020-05-02,19.5,26.4,0.0,7.7,320.0,14.8,63.1,986.5,8922600
2020-05-04,13.0,26.5,3.65,6.3,290.0,13.5,73.5,983.6,137516500
2020-05-05,10.2,19.6,2.5,3.0,320.0,11.4,81.9,987.8,153449900
2020-05-06,7.9,26.0,2.5,5.3,160.0,8.2,68.1,990.1,104321100
2020-05-07,5.6,23.0,2.5,4.6,160.0,3.0,52.8,994.9,186975700
2020-05-08,6.8,23.2,2.5,4.5,160.0,4.9,51.3,991.4,99868700
2020-05-09,13.3,15.3,57.2,2.0,110.0,14.4,99.3,982.7,33241500
2020-05-11,11.2,23.6,0.0,9.3,320.0,7.2,52.9,982.4,61520500
2020-05-12,12.7,22.0,0.2,7.5,290.0,6.7,54.6,979.8,52775600
2020-05-13,10.8,22.4,11.63333333,9.5,290.0,3.4,44.6,990.1,96451300
2020-05-14,6.9,25.0,23.06666667,3.6,320.0,6.7,53.8,992.2,83671600
2020-05-15,12.6,16.3,34.5,3.0,320.0,11.9,89.1,987.1,99947400
2020-05-16,13.0,23.6,33.2,4.0,290.0,14.5,83.1,982.1,2070400
2020-05-18,15.1,22.4,30.6,4.6,160.0,14.6,82.8,976.8,33297700
2020-05-19,9.3,16.4,12.8,6.6,290.0,8.4,75.8,974.9,85373200
2020-05-20,7.9,16.6,8.533333333,4.7,320.0,6.5,71.5,986.3,96081300
2020-05-21,5.9,21.2,4.266666667,3.6,160.0,8.6,72.5,990.9,131264500
2020-05-22,11.5,21.8,0.0,2.4,160.0,11.1,75.8,990.1,142247400
2020-05-23,10.6,24.9,0.95,3.5,320.0,11.1,71.9,987.7,24208700
2020-05-25,11.4,22.9,0.95,5.6,290.0,12.1,70.8,986.6,201920400
2020-05-26,12.5,25.5,0.0,5.8,320.0,12.0,67.9,983.7,46806300
2020-05-27,13.7,24.7,0.0,6.2,290.0,8.9,55.3,983.7,99617800
2020-05-28,10.5,24.4,0.0,3.9,140.0,9.2,62.0,985.0,120913100
2020-05-29,10.0,26.6,0.0,6.4,320.0,10.7,67.5,990.8,83292400
2020-05-30,10.4,27.6,0.0,2.9,320.0,10.0,60.6,992.9,12876500
2020-06-01,17.5,25.1,0.0,8.2,320.0,9.6,52.4,984.5,94080200
2020-06-02,11.7,24.7,1.266666667,5.2,160.0,9.1,54.6,983.5,99009000
2020-06-03,16.1,27.8,2.533333333,5.2,290.0,15.1,68.8,979.5,65486500
2020-06-04,15.2,31.0,3.8,5.4,320.0,15.9,63.4,979.6,139003100
2020-06-05,19.0,31.0,5.066666667,5.1,290.0,14.6,57.0,982.8,161227500
2020-06-06,15.2,27.9,6.333333333,4.2,320.0,12.8,62.8,986.0,25685000
2020-06-08,16.5,32.0,8.866666667,3.4,140.0,17.6,65.6,990.0,106818600
2020-06-09,18.2,33.5,10.13333333,4.4,140.0,18.2,63.8,989.7,42904700
2020-06-10,18.6,32.7,11.4,3.9,160.0,18.1,69.1,985.1,55235200
2020-06-11,19.4,30.4,15.2,3.5,270.0,20.3,77.9,979.4,98496800
2020-06-12,18.2,27.7,3.2,3.1,290.0,20.2,86.0,981.5,88660700
2020-06-13,18.2,30.0,0.1,3.6,160.0,18.4,74.5,981.2,6150900
2020-06-15,16.1,27.4,4.416666667,5.9,290.0,14.5,61.8,981.7,164610300
2020-06-16,16.7,28.7,3.733333333,5.2,320.0,14.2,60.6,982.2,110226700
2020-06-17,14.4,28.0,3.05,4.2,160.0,15.6,71.0,981.7,116109200
2020-06-18,17.5,22.4,2.366666667,4.8,140.0,16.0,77.4,979.7,133553400
2020-06-19,16.5,28.2,1.683333333,2.5,140.0,15.8,73.8,982.5,54766100
2020-06-22,16.0,32.7,6.35,3.1,340.0,17.3,68.9,984.6,127504200
2020-06-23,17.6,32.0,9.025,3.2,320.0,17.0,65.8,985.4,68916700
2020-06-24,18.1,23.5,11.7,2.7,320.0,17.0,81.1,982.4,95005400
2020-06-25,18.1,22.2,1.5,2.5,290.0,19.6,95.4,978.7,53676600
2020-06-26,18.9,26.2,0.75,6.9,320.0,17.6,79.5,981.9,56218700
2020-06-27,18.7,27.3,0.0,4.6,160.0,18.3,78.5,981.3,1620000
2020-06-29,16.7,25.1,43.1,3.4,110.0,18.4,86.0,979.9,99457200
2020-06-30,17.8,23.1,50.0,4.2,290.0,18.3,89.5,968.2,15145400
2020-07-01,15.3,21.8,4.5,6.0,320.0,15.6,82.8,980.4,46220700
2020-07-02,13.5,27.9,2.25,3.3,140.0,15.8,73.4,987.5,49116700
2020-07-03,16.3,23.4,0.0,2.6,290.0,16.2,81.3,987.8,31252400
2020-07-04,16.3,26.4,1.0,2.7,160.0,16.8,78.9,983.2,15285000
2020-07-06,16.5,28.0,2.2,3.0,180.0,18.9,82.4,977.9,47321800
2020-07-07,20.4,27.7,6.125,5.9,320.0,19.3,78.0,979.7,51318100
2020-07-08,18.7,30.0,10.05,4.3,160.0,18.7,74.0,980.8,87000900
2020-07-09,19.3,30.4,13.975,4.6,160.0,19.0,72.1,981.5,48928600
2020-07-10,20.6,28.5,17.9,3.2,290.0,20.9,86.6,978.5,95253600
2020-07-13,16.4,19.0,92.9,2.4,290.0,17.1,97.4,981.2,53422300
2020-07-14,17.1,21.9,1.2,2.1,140.0,17.5,91.8,979.3,119132200
2020-07-15,17.0,23.2,3.8,1.7,180.0,17.3,89.9,982.0,85602500
2020-07-16,17.7,28.0,2.9,2.9,160.0,18.5,82.5,983.2,74987400
2020-07-17,17.8,29.0,2.0,2.8,160.0,18.5,82.9,985.2,222354900
2020-07-18,16.3,27.1,1.1,2.7,320.0,17.8,81.6,986.1,19662900
2020-07-20,21.9,29.0,17.0,7.0,320.0,21.3,83.8,982.5,220033400
2020-07-21,20.5,29.9,24.65,7.9,320.0,20.1,76.1,987.6,119175300
2020-07-22,20.8,23.0,32.3,1.9,320.0,21.2,96.5,986.7,104141500
2020-07-23,18.0,21.1,91.9,3.8,140.0,19.4,98.1,984.7,51341500
2020-07-24,17.8,22.4,37.9,3.6,320.0,19.3,98.4,975.4,87631900
2020-07-25,19.1,25.1,3.3,3.6,320.0,20.2,92.5,979.0,44978000
2020-07-27,20.2,24.9,2.3,2.8,160.0,20.8,93.4,985.6,303540300
2020-07-28,20.0,23.4,12.0,2.1,290.0,20.9,96.9,987.6,191635100
2020-07-29,20.1,22.7,60.4,2.3,320.0,21.3,98.6,989.6,169207600
2020-07-30,20.2,23.7,51.6,4.6,160.0,21.5,98.9,990.3,181049800
2020-07-31,20.2,30.0,0.0,5.0,290.0,21.9,85.0,989.8,116813700
2020-08-01,22.1,29.7,6.8,3.1,160.0,22.8,89.1,987.6,141853200
2020-08-03,21.5,27.2,5.2,6.0,290.0,22.7,95.5,985.7,296878000
2020-08-04,21.0,30.3,34.1,3.9,180.0,22.8,91.9,988.5,372307300
2020-08-05,21.9,27.2,15.1,2.0,50.0,23.6,97.1,989.4,281979200
2020-08-06,20.7,28.3,33.2,5.2,140.0,22.7,91.8,982.6,199235300
2020-08-07,19.8,23.5,8.2,2.7,140.0,20.9,97.1,983.7,153483800
2020-08-08,20.2,23.0,26.0,1.7,290.0,21.5,99.9,980.9,88098800
2020-08-10,22.2,26.7,48.3,3.6,160.0,23.5,98.3,981.4,199545300
2020-08-11,22.3,26.8,62.2,4.0,140.0,22.9,95.9,986.2,195728500
2020-08-12,21.8,29.6,0.5,3.2,160.0,24.1,94.9,989.1,99014500
2020-08-13,22.7,31.7,1.666666667,2.9,160.0,23.9,86.6,986.3,327878000
2020-08-14,22.9,31.9,2.833333333,3.7,50.0,24.0,82.9,982.5,366198100
2020-08-15,23.0,31.7,4.0,5.4,70.0,23.9,88.0,985.1,260472800
2020-08-17,22.0,32.6,4.457142857,5.4,290.0,21.8,74.0,989.6,428874100
2020-08-18,20.6,32.4,4.685714286,4.7,290.0,21.7,80.3,988.8,386020300
2020-08-19,20.1,32.9,4.914285714,6.4,160.0,20.9,75.9,987.0,556772300
2020-08-20,20.2,32.8,5.142857143,4.1,140.0,22.6,83.5,988.6,296479800
2020-08-21,21.7,31.1,5.371428571,3.6,180.0,22.5,80.6,990.6,388627800
2020-08-22,21.6,27.0,5.6,4.3,340.0,21.8,86.4,989.2,213986800
2020-08-24,19.5,30.8,2.766666667,3.1,160.0,21.2,80.9,982.5,594287400
2020-08-25,21.5,33.0,3.633333333,3.2,320.0,22.9,82.1,982.5,317963200
2020-08-26,23.4,31.5,4.5,6.6,110.0,23.3,82.9,981.5,401716500
2020-08-27,23.7,29.2,14.2,3.9,50.0,24.5,94.9,980.6,384932900
2020-08-28,23.4,31.5,16.4,3.4,50.0,24.4,88.6,984.3,300687800
2020-08-29,23.4,30.9,22.2,2.7,320.0,24.2,91.4,986.2,253539700
2020-08-31,20.0,27.5,0.3,3.1,290.0,21.4,90.0,990.0,512375100
2020-09-01,19.2,27.3,0.0,2.3,320.0,20.7,87.4,986.9,457320100
2020-09-02,22.3,25.1,15.1,3.1,320.0,22.9,96.4,979.3,617540000
2020-09-03,17.5,26.3,29.8,10.9,270.0,18.2,77.1,971.5,437990800
2020-09-04,15.1,27.4,14.95,4.5,320.0,16.2,79.5,989.0,379700800
2020-09-05,16.6,23.7,0.1,2.4,290.0,17.2,88.5,990.7,408392200
2020-09-07,18.1,24.4,35.8,9.8,340.0,17.5,80.0,966.3,537525900
2020-09-08,15.6,26.7,0.0,5.7,250.0,16.2,73.6,985.4,519949200
2020-09-09,15.6,25.9,1.3,3.5,320.0,17.2,85.3,986.4,493849300
2020-09-10,15.4,24.8,0.1,2.7,160.0,17.5,89.6,986.0,479743100
2020-09-11,16.7,23.7,0.2,2.6,320.0,16.8,84.1,991.1,607943700
2020-09-12,16.2,23.4,8.6,3.0,290.0,16.6,88.0,990.8,317229300
2020-09-14,15.1,25.2,2.866666667,5.5,320.0,15.6,81.4,990.2,880151900
2020-09-15,15.0,26.5,0.0,2.6,160.0,16.3,81.8,989.4,610498600
2020-09-16,18.3,23.7,2.2,2.8,160.0,18.1,91.3,986.6,663438400
2020-09-17,16.7,22.4,0.0,3.7,290.0,17.3,88.5,986.1,698055500
2020-09-18,12.9,23.1,0.35,5.9,290.0,12.8,68.1,988.6,837060500
2020-09-19,12.0,22.9,0.7,4.7,320.0,13.5,84.9,991.1,680776200
2020-09-21,7.8,22.4,0.592307692,2.8,320.0,10.3,76.8,994.4,1383060300
2020-09-22,11.0,22.6,0.538461538,2.9,320.0,11.4,78.1,995.0,1283876300
2020-09-23,9.6,22.5,0.484615385,3.7,320.0,11.6,79.4,993.9,1499909300
2020-09-24,12.1,23.3,0.430769231,3.0,320.0,12.4,76.1,990.9,1328713700
2020-09-25,12.0,24.3,0.376923077,4.4,20.0,12.1,74.9,988.6,1222343500
2020-09-26,11.0,23.8,0.323076923,4.2,20.0,12.0,77.0,991.8,994271400
2020-09-27,10.3,23.7,0.269230769,2.8,320.0,11.8,80.6,994.6,16184000
2020-09-28,8.1,23.5,0.215384615,2.9,320.0,11.1,81.4,993.1,901140000
2020-09-29,8.6,23.9,0.161538462,3.1,320.0,11.7,79.5,987.4,137970800
2020-09-30,10.8,23.2,0.107692308,2.5,320.0,12.1,78.0,986.9,18037000
2020-10-05,7.5,17.3,0.0857142857,6.9,290.0,3.8,57.4,992.3,298153400
2020-10-06,3.7,19.9,0.0714285714,4.9,320.0,5.1,70.3,997.0,402672800
2020-10-07,8.1,21.1,0.0571428571,4.3,320.0,8.9,75.0,1001.5,483869800
2020-10-08,7.0,21.1,0.0428571429,5.1,340.0,6.3,68.9,1002.6,616584100
2020-10-09,7.3,21.6,0.0285714286,4.8,340.0,7.9,71.9,999.3,707361400
2020-10-10,6.2,21.3,0.0142857143,3.0,320.0,9.1,75.8,995.4,486069800
2020-10-12,10.2,21.4,0.0,5.9,290.0,10.8,79.6,990.2,899921700
2020-10-13,6.8,18.2,0.0,6.1,290.0,6.2,70.4,995.2,361647000
2020-10-14,5.3,17.7,0.0,5.9,320.0,5.4,72.4,999.3,515917100
2020-10-15,3.2,18.8,0.0,4.4,140.0,2.0,60.1,1000.1,515211800
2020-10-16,3.4,16.4,0.0,2.2,140.0,5.9,77.0,998.6,233546700
2020-10-17,4.2,19.0,0.0,5.9,290.0,4.9,72.5,997.9,270756200
2020-10-19,2.5,20.7,0.0,3.6,140.0,5.0,73.1,1000.1,644357400
2020-10-20,3.3,21.3,0.0,3.0,290.0,5.2,74.1,1001.5,481660900
2020-10-21,5.1,16.1,0.0,2.9,320.0,8.1,87.4,995.4,443351800
2020-10-22,4.7,18.0,0.181818182,7.8,320.0,6.9,79.0,988.5,438560300
2020-10-23,6.2,13.5,0.363636364,6.8,290.0,-1.2,49.8,988.3,433559900
2020-10-24,4.5,12.6,0.545454545,8.0,290.0,-3.7,42.4,991.7,284710200
2020-10-26,0.6,19.3,0.909090909,4.8,320.0,3.3,67.3,994.8,496935400
2020-10-27,2.1,19.7,1.090909091,4.5,290.0,5.4,71.9,995.9,411523200
2020-10-28,9.1,19.3,1.272727273,6.2,290.0,4.4,52.4,996.5,463589900
2020-10-29,0.1,17.2,1.454545455,3.5,320.0,-0.3,56.9,998.3,387545500
2020-10-30,0.5,18.5,1.636363636,3.1,320.0,2.8,69.8,1000.8,177157000
2020-10-31,0.8,16.3,1.818181818,3.3,320.0,5.1,80.8,1000.6,264576500
2020-11-02,0.7,16.0,1.15,5.4,290.0,1.7,67.6,994.7,446913800
2020-11-03,0.6,8.2,0.3,12.4,290.0,-6.4,44.0,994.0,370020700
2020-11-04,-1.1,9.3,0.342857143,8.0,290.0,-10.5,37.6,998.7,394196900
2020-11-05,-4.4,14.9,0.385714286,3.0,140.0,-2.3,58.1,1001.9,320710900
2020-11-06,6.2,14.7,0.428571429,2.6,320.0,3.2,65.5,997.2,342674100
2020-11-07,4.6,19.4,0.471428571,8.0,290.0,3.6,60.4,992.7,246428500
2020-11-09,1.5,10.0,0.557142857,7.1,290.0,-7.6,38.1,999.0,413513000
2020-11-10,1.8,12.3,0.6,5.9,290.0,-4.2,46.3,1002.1,276075500
2020-11-11,-2.8,15.0,0.642857143,3.2,320.0,-3.3,61.3,1006.8,221317400
2020-11-12,-3.4,17.7,0.685714286,3.1,140.0,-2.3,60.3,1005.0,252614900
2020-11-13,-0.6,17.3,0.728571429,5.2,320.0,1.5,67.4,1003.1,296162800
2020-11-14,1.3,17.4,0.771428571,3.2,320.0,3.8,76.6,1005.2,108008500
2020-11-16,2.5,18.0,0.857142857,4.9,320.0,4.3,74.3,1001.7,291323500
2020-11-17,6.0,18.6,0.9,2.7,160.0,9.8,84.5,1000.7,164687200
2020-11-18,12.7,19.2,1.3,2.0,290.0,14.3,94.9,994.3,175480500
2020-11-19,9.7,19.9,32.0,9.2,290.0,12.5,87.4,984.0,160523400
2020-11-20,-0.4,10.0,22.53333333,8.6,290.0,1.0,76.4,991.9,166207100
2020-11-21,-2.6,10.4,13.06666667,2.7,320.0,0.9,78.9,999.3,55894700
2020-11-23,-1.4,6.8,3.704761905,7.9,290.0,-4.8,57.9,1000.6,210563900
2020-11-24,-2.1,9.0,3.80952381,6.1,140.0,-3.5,66.4,1001.9,134548000
2020-11-25,-3.0,9.6,3.914285714,6.3,290.0,-2.2,66.6,1000.8,152311600
2020-11-26,-0.4,12.3,4.019047619,4.8,160.0,0.2,73.4,1000.8,172148000
2020-11-27,1.4,8.9,4.123809524,8.8,290.0,-2.1,59.9,998.3,94379600
2020-11-28,-0.9,4.2,4.228571429,7.4,290.0,-8.8,48.9,1001.3,57251400
2020-11-30,-1.6,4.7,4.438095238,6.8,290.0,-9.2,47.3,1007.2,121303100
2020-12-01,-7.4,7.7,4.542857143,5.1,160.0,-8.9,55.6,1008.2,132183600
2020-12-02,-2.6,8.6,4.647619048,6.5,290.0,-6.4,55.3,1003.6,148851200
2020-12-03,-1.2,5.6,4.752380952,6.9,290.0,-10.7,39.0,1001.9,260811800
2020-12-04,-8.0,5.3,4.857142857,7.0,290.0,-10.1,52.9,1003.0,192673900
2020-12-05,-6.3,6.3,4.961904762,6.4,290.0,-5.7,61.3,1003.2,86121600
2020-12-07,-1.7,7.2,5.171428571,7.1,290.0,-5.1,58.8,1000.8,179639000
2020-12-08,-6.3,4.9,5.276190476,8.0,290.0,-12.9,39.8,1001.6,301344200
2020-12-09,-9.5,6.5,5.380952381,5.0,160.0,-10.3,53.9,1000.2,144541200
2020-12-10,-0.3,8.9,5.485714286,7.1,320.0,-3.1,60.1,996.5,148852600
2020-12-11,-1.2,9.2,5.59047619,6.9,290.0,-1.7,69.4,993.6,116938900
2020-12-12,0.6,7.1,5.695238095,6.9,290.0,-7.4,44.8,991.9,84674600
2020-12-14,-9.0,-4.5,5.272727273,7.4,290.0,-16.5,47.6,999.8,234040000
2020-12-15,-11.2,-5.3,4.745454545,7.6,290.0,-19.9,39.1,1002.1,91515600
2020-12-16,-10.2,-4.7,4.218181818,8.8,290.0,-19.7,37.8,1002.2,110337700
2020-12-17,-14.2,-1.5,3.690909091,7.8,290.0,-17.7,43.6,1003.1,101586000
2020-12-18,-9.3,1.1,3.163636364,5.45,268.88,5.45,69.97,991.55,151081800
2020-12-19,-7.6,-1.6,2.636363636,8.3,290.0,-16.2,40.5,1004.4,62584900
2020-12-21,-8.8,3.1,1.581818182,6.9,290.0,-9.1,58.8,1002.2,154336800
2020-12-22,-8.1,4.0,1.054545455,7.4,320.0,-5.4,74.8,1000.1,192933300
2020-12-23,-7.2,7.9,0.527272727,6.1,160.0,-3.3,75.1,997.1,247701500
2020-12-24,-1.3,7.0,0.0,8.7,290.0,-4.9,61.6,991.1,187154000
2020-12-25,-6.0,2.2,0.0,9.1,290.0,-11.0,47.6,996.2,135446500
2020-12-26,-5.6,6.3,0.0,4.9,140.0,-5.7,70.6,999.1,79357900
2020-12-28,-3.8,9.9,0.0,3.0,320.0,-2.0,78.5,998.1,232299400
2020-12-29,-4.8,7.8,0.0,7.8,290.0,-3.4,77.8,993.7,224783700
2020-12-30,-11.4,-0.8,0.0,10.0,290.0,-17.0,51.9,992.7,152415400
2020-12-31,-14.3,-3.9,0.0,9.5,290.0,-16.4,53.1,997.5,39451700
2021-01-04,-10.8,2.6,0.0,7.2,320.0,-13.0,47.6,1004.2,322098600
2021-01-05,-7.5,0.6,0.0,9.5,290.0,-14.1,45.5,1001.0,293874700
2021-01-06,-12.3,-2.9,0.0,7.7,290.0,-17.5,47.6,996.3,242618500
2021-01-07,-14.4,-6.5,0.9,11.7,290.0,-24.5,36.6,995.5,277390400
2021-01-08,-17.0,-9.4,0.72,9.0,290.0,-23.6,40.8,995.0,169905300
2021-01-09,-15.0,-7.2,0.54,8.0,290.0,-21.3,41.9,995.7,49173200
2021-01-11,-14.0,-3.6,0.18,2.8,160.0,-13.9,66.0,999.4,254978100
2021-01-12,-14.6,2.1,0.0,4.1,160.0,-11.1,66.9,991.9,195314700
2021-01-13,-4.6,8.6,0.02,5.9,270.0,-3.4,67.0,990.1,423263400
2021-01-14,-3.4,9.3,0.04,7.1,320.0,-8.8,49.5,996.4,297372700
2021-01-15,-4.5,11.4,0.06,8.9,290.0,-3.4,65.0,991.3,480882900
2021-01-16,-5.9,4.1,0.08,7.1,290.0,-9.6,56.3,996.6,142284100
2021-01-18,-10.6,0.7,5.0,10.5,290.0,-9.3,74.4,994.3,500828700
2021-01-19,-15.6,-1.1,4.0,3.6,320.0,-15.5,58.9,1005.0,351381100
2021-01-20,-14.4,4.1,3.0,3.1,320.0,-11.5,67.0,1004.7,506052700
2021-01-21,-8.9,7.1,2.0,2.9,320.0,-4.8,76.6,998.7,524510100
2021-01-22,1.9,11.0,0.6,2.7,320.0,4.1,92.6,994.2,564541400
2021-01-23,1.5,9.4,1.075,5.7,140.0,2.3,84.1,995.9,304396100
2021-01-25,-2.6,10.4,2.025,3.5,320.0,-0.5,82.1,1002.0,920383500
2021-01-26,0.1,6.4,2.5,5.9,290.0,2.1,87.0,994.0,862665200
2021-01-27,-2.4,7.4,1.4,6.7,290.0,-6.5,53.0,996.1,688170400
2021-01-28,-8.1,3.9,0.3,11.9,290.0,-9.7,63.3,989.1,767645600
2021-01-29,-11.2,-3.9,2.0,11.0,290.0,-20.9,34.1,996.8,588253000
2021-01-30,-10.3,5.0,3.7,8.2,290.0,-11.5,49.3,999.5,464593300
2021-02-01,-1.7,8.0,7.1,8.3,290.0,1.3,88.9,990.7,1036114600
2021-02-02,-5.6,3.2,3.55,9.9,290.0,-16.2,39.4,996.2,834283200
2021-02-03,-8.3,1.0,0.0,7.8,290.0,-14.7,46.0,998.5,676509500
2021-02-04,-4.1,1.2,0.4,9.6,290.0,-13.6,43.0,998.0,735927720
2021-02-05,-7.4,6.6,0.39,6.4,160.0,-9.3,49.6,995.4,442828700
2021-02-06,-3.1,11.0,0.38,6.3,180.0,-3.5,61.5,990.2,310320000
2021-02-08,-4.2,1.1,0.36,8.5,290.0,-14.4,39.5,998.9,469250800
2021-02-09,-5.8,3.9,0.35,8.3,290.0,-12.9,39.9,1000.7,78036800
2021-02-10,-5.5,6.2,0.34,8.2,290.0,-4.7,62.1,999.0,146826200
2021-02-15,-3.8,8.5,0.3,11.9,320.0,-3.6,65.8,982.9,36712300
2021-02-16,-7.8,-1.9,0.1,10.1,290.0,-12.9,52.8,988.5,51031000
2021-02-17,-10.1,-5.3,0.0916666667,10.3,290.0,-18.1,45.4,988.6,89298400
2021-02-18,-10.8,-2.5,0.0833333333,8.5,290.0,-16.5,45.4,994.0,40086200
2021-02-19,-7.9,8.5,0.075,9.3,320.0,-7.4,55.8,990.8,75858600
2021-02-20,-0.9,15.0,0.0666666667,10.0,320.0,-2.5,56.5,984.6,51874000
2021-02-22,2.8,17.8,0.05,9.3,290.0,-1.0,47.0,987.4,210368300
2021-02-23,-1.4,7.0,0.0416666667,7.3,290.0,-14.0,29.6,997.6,359831100
2021-02-24,-3.5,10.6,0.0333333333,3.6,160.0,-8.0,49.8,999.6,238156400
2021-02-25,-3.8,9.0,0.025,2.6,320.0,-1.7,73.3,998.5,128819200
2021-02-26,-1.6,12.4,0.0166666667,5.3,320.0,-2.9,62.3,999.1,81821300
2021-02-27,-1.5,9.5,0.00833333333,5.7,320.0,-2.3,68.3,1005.4,17258800
2021-03-01,0.4,10.2,77.0,2.9,160.0,5.3,96.4,990.4,135465300
2021-03-02,-1.6,4.9,3.1,4.6,290.0,-1.6,81.0,998.2,122458900
2021-03-03,-3.1,7.0,2.05,2.9,140.0,-1.8,81.9,1004.2,160930900
2021-03-04,-1.7,9.3,1.0,4.6,160.0,1.0,84.3,999.5,144418000
2021-03-05,0.2,16.2,2.35,5.6,320.0,3.0,78.1,994.9,186081600
2021-03-06,1.7,10.2,3.7,4.1,110.0,-0.6,72.0,1003.0,48073000
2021-03-08,-1.9,13.4,6.4,4.4,160.0,-1.5,70.0,1001.6,262225000
2021-03-09,-0.2,13.9,7.75,7.5,290.0,-1.4,58.9,999.1,165918800
2021-03-10,-1.6,14.9,9.1,8.1,160.0,-1.3,61.6,1003.2,164396800
2021-03-11,-1.6,17.1,10.45,3.7,160.0,-0.1,63.1,1000.6,154650700
2021-03-12,5.2,9.2,11.8,2.8,290.0,4.3,81.8,996.3,115420300
2021-03-13,-0.2,15.1,8.85,5.4,290.0,2.0,69.0,995.3,26240000
2021-03-15,0.0,16.9,2.95,4.9,320.0,1.7,62.1,991.1,229930300
2021-03-16,7.2,16.0,0.0,9.5,290.0,-0.1,49.6,988.1,181787200
2021-03-17,-0.7,16.7,0.575,4.0,140.0,-0.2,59.9,994.1,160743700
2021-03-18,2.8,14.8,1.15,2.7,160.0,3.6,71.1,996.3,139906500
2021-03-19,5.9,15.2,1.725,4.8,160.0,3.1,63.8,996.2,121307300
2021-03-20,4.1,10.0,2.3,4.9,320.0,6.5,93.4,988.5,48286400
2021-03-22,1.5,10.5,7.05,8.6,290.0,-6.8,41.6,993.7,182000400
2021-03-23,-1.2,17.0,14.1,7.6,290.0,-3.6,43.5,995.1,143350900
2021-03-24,5.0,17.7,21.15,5.8,290.0,-3.0,38.6,994.8,143356100
2021-03-25,4.3,19.8,28.2,7.2,320.0,0.0,43.3,995.1,143639700
2021-03-26,2.0,21.7,35.25,3.8,160.0,-1.7,43.8,996.0,143866400
2021-03-27,5.0,16.2,42.3,2.7,320.0,6.2,80.5,988.3,17262200
2021-03-29,7.4,15.6,14.21666667,9.6,290.0,-0.4,46.3,981.8,179426300
2021-03-30,5.6,18.8,21.73333333,6.1,290.0,-4.3,33.1,986.7,118234200
2021-03-31,0.9,21.6,29.25,3.1,320.0,-0.3,51.5,990.3,129715300
2021-04-01,3.1,19.9,36.76666667,5.1,320.0,0.3,51.6,996.8,218354400
2021-04-02,5.4,20.4,44.28333333,3.7,140.0,4.8,55.8,996.8,91982000
2021-04-03,11.0,17.2,51.8,2.8,180.0,10.8,87.1,989.4,27778800
2021-04-05,-0.5,17.2,17.975,2.7,320.0,-0.9,61.3,997.1,179215100
2021-04-06,2.6,19.4,21.15,8.4,290.0,0.0,50.1,994.1,145869800
2021-04-07,4.9,20.5,24.325,7.9,290.0,-0.2,41.4,993.3,185121800
2021-04-08,7.8,18.2,27.5,7.0,320.0,-1.0,39.5,992.3,113017100
2021-04-09,1.8,13.6,30.675,5.3,320.0,1.0,64.6,1001.3,105290300
2021-04-10,-0.2,17.2,33.85,3.7,320.0,1.2,64.6,1005.9,13030600
2021-04-12,7.6,14.0,40.2,2.3,320.0,6.3,79.5,995.5,151658200
2021-04-13,6.2,16.2,6.0,9.6,290.0,5.8,71.8,986.0,107040400
2021-04-14,4.1,14.7,4.1,8.6,290.0,-3.4,43.6,992.4,165420600
2021-04-15,0.9,16.9,2.2,6.3,160.0,-1.6,52.0,993.7,116852000
2021-04-16,3.8,16.5,0.3,6.2,320.0,4.7,70.0,991.5,122242800
2021-04-17,3.4,15.3,0.0,10.4,320.0,0.0,55.5,988.7,29259100
2021-04-19,4.4,20.1,0.0,9.5,290.0,0.0,39.4,991.1,268987200
2021-04-20,8.0,26.3,0.0,8.2,140.0,1.9,38.8,994.8,163617400
2021-04-21,6.9,27.3,0.0,3.6,320.0,5.2,51.8,997.1,196611300
2021-04-22,12.1,26.9,0.0,5.1,140.0,5.0,47.0,995.8,100506100
2021-04-23,10.0,17.8,0.0,3.7,320.0,2.0,45.1,996.9,93646900
2021-04-24,8.1,22.8,0.0,4.7,160.0,3.0,49.1,995.2,20004500
2021-04-26,1.3,19.7,0.0,3.9,320.0,0.7,54.9,997.4,104367200
2021-04-27,6.8,20.3,0.0,4.8,160.0,6.0,60.9,993.3,120727100
2021-04-28,9.8,20.1,0.0,7.7,320.0,3.3,48.1,990.8,171984900
2021-04-29,9.2,19.5,0.0,5.8,320.0,4.7,52.5,982.0,31570200
2021-04-30,8.8,15.3,5.7,8.2,320.0,6.7,75.3,979.4,136013800
2021-05-01,7.7,11.4,6.8,7.7,320.0,6.6,85.0,979.9,15836000
2021-05-03,3.7,21.9,11.45,7.4,320.0,3.2,55.9,992.5,163373700
2021-05-04,8.0,17.4,22.1,2.5,110.0,10.0,81.1,986.8,193692700
2021-05-05,11.0,19.1,2.9,10.4,290.0,1.9,45.8,986.5,124924300
2021-05-06,3.2,21.9,2.55,5.3,110.0,3.4,54.0,991.6,124400300
2021-05-07,6.3,19.1,2.2,9.2,320.0,5.0,60.4,982.3,128565900
2021-05-08,4.8,23.1,6.9,7.9,250.0,4.8,54.5,979.7,17007000
2021-05-10,6.8,13.6,16.3,5.6,290.0,8.1,90.8,989.8,275072100
2021-05-11,8.1,21.1,0.1,4.2,160.0,7.8,71.4,991.5,203856100
2021-05-12,7.0,23.6,0.4,3.2,320.0,5.2,55.5,989.7,227016200
2021-05-13,8.4,28.4,0.7,3.1,320.0,10.9,67.0,987.6,94766200
2021-05-14,11.9,28.3,1.0,3.5,320.0,14.0,70.8,987.9,107612000
2021-05-15,16.6,20.4,1.3,1.9,320.0,17.5,93.9,984.0,12815000
2021-05-17,14.1,16.1,9.8,2.8,140.0,14.8,99.3,982.4,112135100
2021-05-18,13.8,22.2,7.4,4.3,140.0,14.5,87.0,985.8,84679300
2021-05-19,12.6,27.3,5.0,5.0,140.0,11.9,69.6,987.0,43722500
2021-05-20,14.0,19.4,2.6,5.4,320.0,12.7,81.1,981.9,40710100
2021-05-21,12.3,17.6,0.8,5.0,160.0,13.5,91.6,980.6,38913800
2021-05-22,10.3,23.7,1.2,7.1,290.0,12.5,69.4,985.1,3321000
2021-05-24,16.2,24.2,2.0,6.6,290.0,9.5,53.5,982.7,83616100
2021-05-25,8.3,19.1,2.4,9.7,320.0,6.7,68.3,982.5,86170300
2021-05-26,6.2,20.9,2.6,2.5,320.0,8.5,74.3,984.8,81392500
2021-05-27,11.4,19.8,2.8,6.5,320.0,11.7,83.8,977.9,104038900
2021-05-28,8.3,17.9,14.1,8.5,290.0,10.9,91.1,977.5,69970700
2021-05-29,11.2,22.2,0.0,8.6,290.0,9.8,68.3,981.6,5407200
2021-05-31,13.4,23.5,3.4,2.8,320.0,14.7,83.0,988.2,154596400
2021-06-01,13.7,26.4,10.8,4.4,320.0,15.1,77.1,990.4,117995900
2021-06-02,15.2,28.6,18.2,3.7,320.0,14.5,68.5,989.1,152168400
2021-06-03,13.9,19.7,25.6,3.2,320.0,16.0,94.9,980.9,128309200
2021-06-04,12.2,23.8,0.0,7.2,320.0,11.0,67.3,977.2,180188000
2021-06-05,9.4,27.1,0.05,3.5,320.0,11.5,66.5,977.6,15244400
2021-06-07,13.7,27.4,0.05,4.6,320.0,14.5,73.1,989.6,175575100
2021-06-08,16.5,29.4,0.0,2.8,160.0,15.8,68.5,991.4,119086200
2021-06-09,16.7,29.8,0.3,2.7,140.0,17.5,74.0,991.9,96502600
2021-06-10,17.0,28.3,0.6,2.9,160.0,16.4,71.5,989.4,111124000
2021-06-11,18.4,25.2,22.0,3.5,50.0,19.4,92.1,986.9,78711000
2021-06-12,16.1,29.6,16.775,2.6,180.0,18.6,80.1,988.0,12668100
2021-06-14,17.6,28.0,6.325,3.2,160.0,18.0,76.8,982.8,67904000
2021-06-15,18.7,22.7,1.1,2.8,320.0,17.9,87.3,982.0,49314500
2021-06-16,15.7,26.5,0.0,4.7,140.0,16.3,78.3,982.5,39370200
2021-06-17,14.9,21.3,0.0,2.2,320.0,15.7,85.4,983.2,73833800
2021-06-18,17.0,22.9,0.3,6.6,320.0,17.9,88.4,977.6,61802400
2021-06-19,15.5,29.0,0.15,4.8,70.0,15.2,66.1,976.8,16966000
2021-06-21,15.8,28.0,0.0,5.3,290.0,15.4,65.6,980.5,82052600
2021-06-22,16.9,21.9,13.1,3.1,140.0,16.6,89.0,985.9,100029400
2021-06-23,15.8,21.4,1.5,2.3,160.0,15.8,85.5,987.9,66575300
2021-06-24,15.7,26.6,0.75,3.7,320.0,17.1,80.0,987.7,65931500
2021-06-25,17.1,28.5,0.0,3.5,320.0,17.9,79.9,986.9,63177400
2021-06-26,18.3,25.8,7.4,4.6,320.0,18.3,86.4,986.9,4106000
2021-06-28,17.7,26.6,2.1,3.7,290.0,18.1,88.4,982.6,116320800
2021-06-29,16.6,28.0,1.1,2.5,160.0,17.9,78.0,982.4,99284200
2021-06-30,19.6,26.1,0.1,2.5,320.0,19.5,87.4,984.0,91277400
2021-07-01,18.9,30.1,18.93333333,3.6,140.0,19.6,77.1,983.6,113147400
2021-07-02,18.1,28.2,37.76666667,3.3,320.0,18.4,79.5,986.4,53735300
2021-07-03,18.0,23.4,56.6,4.4,110.0,18.8,90.9,985.2,21325200
2021-07-05,20.9,25.8,1.2,6.1,140.0,19.3,80.8,985.9,117714500
2021-07-06,20.5,26.9,1.7,3.3,160.0,22.0,93.5,983.6,55704300
2021-07-07,20.7,25.9,58.5,2.0,160.0,22.2,94.5,984.2,55714700
2021-07-08,20.3,27.9,67.2,2.8,160.0,21.6,88.4,982.2,48758700
2021-07-09,19.8,26.8,33.2,2.8,160.0,21.1,91.0,982.2,43042500
2021-07-12,19.8,32.3,0.0,4.3,290.0,22.0,85.3,986.9,80675000
2021-07-13,21.8,32.0,0.1,3.4,160.0,22.9,82.8,987.3,43271600
2021-07-14,22.3,32.3,0.2,3.1,320.0,23.7,84.9,989.2,60804700
2021-07-15,21.0,32.6,0.3,5.0,320.0,23.0,90.0,991.6,33562900
2021-07-16,20.5,32.4,0.15,3.8,160.0,21.7,83.0,991.6,49330800
2021-07-17,20.6,29.8,0.0,4.6,140.0,21.3,80.9,989.6,15114800
2021-07-19,21.2,30.6,0.0,2.5,140.0,21.9,82.6,990.3,128636100
2021-07-20,22.5,31.4,0.0,2.6,320.0,22.2,81.1,991.4,80212600
2021-07-21,20.1,33.8,0.0428571429,3.1,340.0,20.6,75.4,990.4,99649900
2021-07-22,19.5,32.9,0.0857142857,3.6,320.0,21.1,77.3,988.7,148115600
2021-07-23,20.3,33.4,0.128571429,3.2,160.0,21.0,74.8,986.9,127130400
2021-07-24,20.0,33.2,0.171428571,2.6,320.0,20.7,75.4,985.9,31980400
2021-07-26,20.2,33.4,0.257142857,2.8,320.0,20.8,75.5,982.5,192159900
2021-07-27,20.2,33.6,0.3,3.7,160.0,21.4,78.1,980.6,109402400
2021-07-28,20.9,34.0,0.325,4.3,140.0,21.1,74.0,980.2,180987000
2021-07-29,20.9,33.7,0.35,3.0,320.0,21.8,77.0,978.9,168071900
2021-07-30,21.8,32.8,0.375,2.8,340.0,22.7,80.8,977.8,226523200
2021-07-31,22.6,34.1,0.4,3.5,160.0,23.1,82.1,977.5,30839200
2021-08-02,22.6,29.9,9.7,5.8,290.0,23.5,89.5,980.5,182716200
2021-08-03,22.5,31.5,0.0,3.1,160.0,23.4,87.0,984.7,143997000
2021-08-04,22.6,32.9,0.0,5.3,320.0,23.6,82.6,985.5,141264700
2021-08-05,22.4,33.7,0.0,4.1,320.0,23.4,81.4,982.8,188139100
2021-08-06,22.8,34.4,0.0,6.0,160.0,22.8,78.4,980.3,135740200
2021-08-07,22.0,33.0,0.0,5.3,320.0,22.3,77.4,979.8,27193200
2021-08-09,19.9,30.9,0.0,6.0,320.0,18.5,69.0,979.7,312535300
2021-08-10,18.8,26.5,2.2,2.4,290.0,19.6,85.8,985.7,217244400
2021-08-11,20.1,30.8,1.675,3.6,320.0,20.5,80.4,987.2,205932600
2021-08-12,20.3,30.6,1.15,4.2,140.0,20.8,82.3,986.7,225794900
2021-08-13,19.9,28.7,0.625,2.6,320.0,20.1,83.0,983.4,124469300
2021-08-14,18.0,26.9,0.1,2.5,320.0,19.2,84.9,984.5,89203300
2021-08-16,17.9,27.4,1.15,3.3,290.0,18.1,78.4,991.6,347055700
2021-08-17,16.8,28.1,1.7,3.1,320.0,18.2,79.9,986.4,201900300
2021-08-18,17.7,27.2,0.0,3.0,320.0,18.0,77.1,986.7,210948800
2021-08-19,17.5,27.9,0.0,3.1,320.0,17.3,75.8,988.3,181062200
2021-08-20,18.4,29.2,29.55,2.7,320.0,19.2,79.6,989.4,244329000
2021-08-21,20.8,23.3,59.1,2.7,180.0,21.5,97.5,982.1,144304300
2021-08-23,18.3,22.5,41.6,2.4,320.0,19.5,97.5,986.7,323741300
2021-08-24,19.8,24.8,54.9,3.1,320.0,21.8,99.4,978.0,235422700
2021-08-25,19.5,23.8,50.3,2.8,160.0,20.8,99.4,983.9,187648500
2021-08-26,18.9,27.7,0.0,2.1,160.0,20.8,93.1,989.1,124608500
2021-08-27,18.8,22.7,6.9,3.4,320.0,20.3,99.3,989.1,255303800
2021-08-28,17.3,28.1,7.95,5.0,320.0,18.0,84.5,990.0,238353600
2021-08-30,16.9,25.2,0.0,3.0,320.0,17.9,88.5,992.1,572958700
2021-08-31,17.8,24.6,15.1,2.1,290.0,18.9,93.0,991.6,474358800
2021-09-01,18.0,21.1,111.0,3.2,320.0,19.2,99.8,986.6,439041900
2021-09-02,17.1,23.8,0.0,2.3,160.0,17.7,86.5,987.2,431157900
2021-09-03,15.7,25.9,0.0,2.8,320.0,16.8,82.5,986.6,524162000
2021-09-04,13.3,25.4,0.133333333,3.3,320.0,15.6,83.1,991.9,363272900
2021-09-06,15.0,25.3,0.4,4.9,320.0,15.6,79.5,994.3,789570900
2021-09-07,17.1,19.6,30.3,2.5,320.0,18.4,100.0,986.3,599983200
2021-09-08,16.2,26.6,26.93333333,5.9,290.0,18.2,86.9,986.0,752196000
2021-09-09,14.2,26.5,23.56666667,2.3,320.0,16.9,87.3,990.3,792163200
2021-09-10,16.0,26.1,20.2,2.6,320.0,18.4,89.9,989.6,857296200
2021-09-11,17.5,28.3,16.83333333,2.6,160.0,18.8,87.9,989.0,837868800
2021-09-13,15.6,25.0,10.1,3.2,320.0,17.3,83.9,994.5,868177200
2021-09-14,13.5,24.4,6.733333333,4.2,320.0,14.8,81.6,993.2,722697100
2021-09-15,13.4,26.3,3.366666667,4.8,320.0,14.2,77.9,993.3,773205000
2021-09-16,12.6,25.2,0.0,4.0,320.0,15.0,78.5,990.2,685956800
2021-09-17,13.9,19.8,20.2,3.5,320.0,17.1,97.5,986.5,519121700
2021-09-18,11.5,25.6,18.925,2.8,320.0,15.5,88.1,991.0,275698300
2021-09-20,14.5,26.2,16.375,4.3,110.0,16.0,77.4,989.7,27954000
2021-09-24,13.2,24.7,1.8,2.7,320.0,14.8,83.1,999.1,138487000
2021-09-25,13.8,24.4,1.4,3.9,320.0,15.6,87.4,999.7,240824600
2021-09-27,12.7,24.2,0.6,2.7,320.0,15.0,82.8,992.9,422648000
2021-09-28,14.7,23.3,0.0,2.2,320.0,16.9,87.3,990.0,268113600
2021-09-29,17.9,20.3,19.7,3.6,160.0,18.6,98.6,985.0,273177100
2021-09-30,13.6,26.6,13.26666667,2.3,320.0,16.6,86.6,984.9,191933500
2021-10-01,13.7,26.5,6.833333333,6.6,320.0,16.0,85.0,985.2,227637100
2021-10-02,13.5,25.9,0.4,7.6,290.0,13.9,79.1,990.0,124950800
2021-10-04,12.4,26.7,0.5,2.6,320.0,16.7,86.9,997.0,457300100
2021-10-05,14.7,27.5,0.55,6.7,320.0,16.1,79.8,996.8,375753800
2021-10-06,16.1,21.4,0.6,2.3,290.0,18.1,97.0,996.6,414401500
2021-10-07,15.9,23.0,0.7,5.4,320.0,16.8,90.1,993.2,326644300
2021-10-08,15.2,20.8,0.8,1.9,320.0,17.8,97.8,997.3,343964100
2021-10-09,17.6,25.6,0.0,2.8,140.0,18.9,91.9,998.7,135243500
2021-10-11,13.0,19.5,15.6,9.6,290.0,13.9,95.3,996.5,446932100
2021-10-12,13.2,15.1,5.3,1.8,290.0,13.8,99.4,1001.8,308779100
2021-10-13,13.7,21.8,6.866666667,2.9,320.0,14.1,85.4,1000.6,163666000
2021-10-14,14.1,23.2,8.433333333,6.5,320.0,13.8,82.6,995.1,354614600
2021-10-15,14.0,19.8,10.0,1.6,160.0,15.4,94.8,993.6,445253600
2021-10-16,5.2,16.3,10.7,7.9,290.0,5.2,64.3,995.2,312529600
2021-10-18,-1.6,15.8,3.566666667,3.1,320.0,1.7,75.3,998.6,690171200
2021-10-19,4.5,15.5,0.0,6.2,320.0,5.0,77.8,994.1,437909100
2021-10-20,0.5,15.4,0.0333333333,3.0,320.0,3.2,80.0,996.2,428215700
2021-10-21,1.1,16.7,0.0666666667,2.9,320.0,3.7,80.3,994.6,442702100
2021-10-22,1.5,16.3,0.1,5.9,290.0,4.4,82.6,996.7,447842100
2021-10-23,0.0,17.7,1.435294118,3.5,320.0,2.4,76.0,1003.3,257799500
2021-10-25,0.5,18.3,4.105882353,6.6,320.0,2.7,72.3,997.7,491305800
2021-10-26,0.5,18.1,5.441176471,4.9,320.0,4.7,76.5,995.3,473113200
2021-10-27,6.3,18.6,6.776470588,6.9,290.0,5.2,67.9,994.1,426468800
2021-10-28,0.9,19.5,8.111764706,2.9,320.0,4.1,73.0,998.7,378262500
2021-10-29,2.8,17.7,9.447058824,3.2,320.0,5.4,76.4,1001.0,348891300
2021-10-30,4.1,16.8,10.78235294,2.6,320.0,5.8,81.6,998.9,254317000
2021-11-01,4.5,16.9,13.45294118,7.4,320.0,6.4,77.8,997.1,416767900
2021-11-02,3.1,16.8,14.78823529,5.8,290.0,5.5,76.5,995.0,333867600
2021-11-03,5.6,17.3,16.12352941,5.2,290.0,5.4,73.1,992.9,300316400
2021-11-04,3.0,18.0,17.45882353,5.8,320.0,5.2,78.3,993.9,249988400
2021-11-05,1.7,19.4,18.79411765,3.0,320.0,4.3,75.5,995.8,276651600
2021-11-06,2.8,19.9,20.12941176,2.8,320.0,6.1,78.4,995.9,179570500
2021-11-08,5.6,13.0,22.8,9.2,320.0,6.2,81.5,985.6,286971000
2021-11-09,3.5,9.8,2.9,6.9,290.0,2.6,81.8,983.7,252401800
2021-11-10,2.5,6.6,0.3,8.5,290.0,-0.5,68.4,980.6,327593400
2021-11-11,3.1,9.6,0.3,8.6,290.0,-1.4,62.8,984.0,231719300
2021-11-12,2.4,8.1,0.15,9.1,290.0,-4.3,52.1,989.6,267994300
2021-11-13,-1.4,12.2,0.0,7.9,290.0,0.1,69.0,992.2,96088900
2021-11-15,1.5,15.5,0.0222222222,5.3,290.0,1.1,65.3,995.2,199937400
2021-11-16,-0.4,14.3,0.0333333333,5.4,290.0,-0.5,66.0,997.5,257381800
2021-11-17,-2.8,13.0,0.0444444444,5.2,320.0,-1.9,64.3,997.1,229757900
2021-11-18,0.6,15.6,0.0555555556,4.9,320.0,2.9,74.3,992.5,227341000
2021-11-19,6.1,16.4,0.0666666667,6.5,290.0,6.8,81.5,992.1,219279300
2021-11-20,1.5,16.0,0.0777777778,2.9,320.0,4.9,84.5,994.9,130744100
2021-11-22,0.2,9.0,0.1,12.0,290.0,-4.2,56.9,986.9,270236300
2021-11-23,-1.6,2.4,0.0666666667,11.2,268.88,-7.2,56.5,989.1,141961900
2021-11-24,0.3,7.9,0.0333333333,9.9,290.0,-3.2,60.0,990.1,98762700
2021-11-25,0.9,11.3,0.0,9.3,290.0,-0.7,63.1,990.9,132263100
2021-11-26,1.6,8.6,0.0,7.2,290.0,-5.5,48.5,998.7,129368800
2021-11-27,-3.7,9.9,5.325,4.8,320.0,-5.1,62.3,1006.9,68620000
2021-11-29,-5.6,11.7,15.975,2.7,320.0,-4.1,66.1,1000.5,116428500
2021-11-30,-1.8,7.7,21.3,9.4,320.0,0.7,86.8,985.1,79729000
2021-12-10,-1.4,10.2,0.463636364,6.9,320.0,3.0,86.3,998.7,204788408
2021-12-11,2.3,11.4,0.372727273,9.0,320.0,3.1,76.4,998.4,59359000
2021-12-13,-7.9,2.4,0.190909091,7.5,290.0,-13.4,44.6,999.1,262179600
2021-12-14,-7.7,6.5,0.1,7.9,160.0,-5.1,66.3,994.8,149486600
2021-12-15,0.3,8.0,0.2,3.9,320.0,2.4,89.0,994.2,181734900
2021-12-16,-0.7,10.6,0.325,7.3,290.0,-1.1,65.1,991.3,192032694
2021-12-17,-9.7,6.6,0.45,12.3,290.0,-14.9,40.4,993.0,172361600
2021-12-18,-12.3,-0.1,0.575,11.1,290.0,-14.5,51.4,997.5,41793400
2021-12-20,-2.8,9.5,0.66,4.2,320.0,-2.1,66.4,991.2,165057600
2021-12-21,2.5,11.5,0.62,9.0,290.0,0.5,67.0,989.8,189261500
2021-12-22,-5.2,9.0,0.58,6.6,140.0,-6.0,57.6,995.6,185742300
2021-12-23,-7.4,8.2,0.54,4.9,320.0,-6.1,65.9,997.5,192846100
2021-12-24,-3.9,7.8,0.5,7.9,320.0,-3.7,72.0,994.4,109630300
2021-12-25,-11.5,-0.9,0.46,10.1,290.0,-18.4,44.5,1000.0,36346000
2021-12-27,-11.6,-1.5,0.38,10.2,290.0,-14.3,51.9,1001.3,115227100
2021-12-28,-9.3,3.9,0.34,7.9,320.0,-7.3,61.8,999.9,92203400
2021-12-29,-3.7,5.2,0.3,10.2,320.0,-3.2,72.8,992.3,101223500
2021-12-30,-5.3,0.5,0.225,10.2,290.0,-12.4,48.4,995.3,118935300
2021-12-31,-7.8,-2.3,0.15,9.5,290.0,-19.5,33.1,1000.9,35340300
2022-01-03,-12.1,1.2,0.0,9.3,290.0,-11.0,60.5,997.8,162715800
2022-01-04,-7.7,4.0,0.0,7.5,290.0,-11.2,46.5,998.7,392264300
2022-01-05,-11.1,4.6,0.0,2.5,320.0,-8.5,63.6,1000.3,374856400
2022-01-06,-5.9,4.9,0.0,7.9,320.0,-10.6,48.0,999.7,335802100
2022-01-07,-11.6,5.6,0.0,6.1,320.0,-13.2,49.9,1001.7,382507900
2022-01-08,-10.9,4.1,0.0,9.1,320.0,-8.1,61.1,996.6,215944900
2022-01-10,-8.5,6.3,0.0,8.3,320.0,-6.3,68.4,992.8,588233500
2022-01-11,-8.1,0.5,0.0,9.0,290.0,-13.2,51.4,989.9,319931900
2022-01-12,-10.7,-2.4,0.0,9.1,290.0,-16.8,45.5,993.3,424809100
2022-01-13,-8.1,-2.6,0.0,10.3,290.0,-17.4,39.5,991.3,443678800
2022-01-14,-12.6,1.2,0.0,8.7,140.0,-17.0,42.9,997.1,669252900
2022-01-15,-10.7,5.2,0.0,5.7,160.0,-9.6,56.5,995.5,467646300
2022-01-17,-7.6,0.2,0.0,9.9,290.0,-13.1,51.0,997.7,1110770100
2022-01-18,-9.2,0.3,0.0,7.2,290.0,-16.7,39.9,999.4,736312100
2022-01-19,-11.4,0.7,0.0,7.6,160.0,-12.2,57.8,996.3,599861500
2022-01-20,-7.8,3.6,0.183333333,7.2,320.0,-12.3,51.4,999.9,708156800
2022-01-21,-12.5,4.8,0.366666667,3.6,320.0,-13.8,55.3,1003.2,720347700
2022-01-22,-9.5,6.8,0.55,2.5,320.0,-6.9,65.0,999.7,446726400
2022-01-24,-3.3,5.3,0.916666667,4.1,320.0,-4.0,69.5,996.5,743086700
2022-01-25,-1.0,2.6,1.1,5.6,320.0,-1.4,88.5,994.8,523125300
2022-01-26,-1.4,5.7,0.985714286,6.3,290.0,-5.1,58.5,996.5,348437900
2022-01-27,-7.4,6.9,0.871428571,6.2,290.0,-9.3,51.6,996.2,142401100
2022-01-28,-4.1,3.9,0.757142857,8.3,290.0,-11.9,44.1,995.6,94411000
2022-01-29,-5.4,2.1,0.642857143,7.5,290.0,-14.0,40.3,992.9,14915800
2022-01-30,-10.9,4.4,0.528571429,8.2,290.0,-14.5,41.1,993.5,6200000
2022-02-04,-6.1,0.5,0.230769231,11.0,290.0,-14.6,42.9,995.3,35374800
2022-02-05,-9.5,-1.7,0.207692308,10.3,290.0,-16.7,44.8,996.2,52787600
2022-02-07,-8.4,2.0,0.161538462,6.9,290.0,-13.8,42.5,999.9,61622900
2022-02-08,-9.0,4.6,0.138461538,6.5,290.0,-12.3,47.5,999.6,49674300
2022-02-09,-11.0,7.5,0.115384615,3.3,320.0,-10.1,53.5,998.4,87246500
2022-02-10,-3.4,8.1,0.0923076923,6.9,290.0,-9.9,45.4,995.1,64353900
2022-02-11,-9.0,9.5,0.0692307692,7.0,320.0,-9.5,47.6,998.6,98280100
2022-02-12,-4.7,10.6,0.0461538462,3.4,320.0,-8.6,50.1,998.1,15297500
2022-02-14,-4.4,10.0,0.0,9.3,320.0,-3.0,69.5,992.8,83288500
2022-02-15,-6.7,0.1,0.0,9.9,290.0,-11.2,55.0,991.7,72911900
2022-02-16,-8.7,-2.9,0.0,11.1,290.0,-17.4,43.1,993.3,93026500
2022-02-17,-10.6,0.0,0.0,8.2,290.0,-18.4,40.3,999.2,71814300
2022-02-18,-13.5,5.3,0.0,3.5,320.0,-14.2,48.1,1002.6,69904400
2022-02-19,-5.0,3.2,0.0,8.0,290.0,-11.7,44.6,994.8,21078000
2022-02-21,-6.1,3.6,0.0,8.0,290.0,-12.5,44.0,999.2,89162000
2022-02-22,-6.4,0.7,0.48,9.7,290.0,-15.2,40.6,1002.1,103923200
2022-02-23,-9.1,0.2,0.96,7.7,290.0,-18.5,35.3,1003.4,104042400
2022-02-24,-11.1,2.5,1.44,9.7,290.0,-16.0,37.1,1001.7,99080800
2022-02-25,-3.9,7.8,1.92,9.8,290.0,-5.6,53.0,998.9,131636600
2022-02-26,-3.0,12.9,2.4,8.6,320.0,-4.1,56.4,991.1,23977000
2022-02-28,-4.1,11.5,1.0,6.9,320.0,-5.1,54.0,994.6,147658200
2022-03-01,-2.4,11.5,0.3,9.0,320.0,-0.3,70.6,987.6,90199500
2022-03-02,-3.2,9.0,3.433333333,8.4,290.0,-6.9,48.8,989.7,136198400
2022-03-03,-1.4,11.7,6.566666667,8.5,320.0,-6.7,47.0,991.0,134440800
2022-03-04,-4.5,14.6,9.7,5.9,320.0,-5.0,45.9,986.2,140928400
2022-03-05,-0.3,10.0,12.83333333,12.9,290.0,-11.1,36.4,985.9,40139600
2022-03-07,-6.7,10.5,19.1,6.2,290.0,-11.6,39.1,993.5,186732300
2022-03-08,-5.0,13.3,22.23333333,8.5,320.0,-6.7,47.0,992.1,103975500
2022-03-09,-3.1,15.4,25.36666667,5.1,140.0,-4.3,51.4,995.0,113507300
2022-03-10,-1.7,16.5,28.5,7.3,320.0,-4.8,50.3,994.4,131326000
2022-03-11,-1.7,17.6,31.63333333,8.1,320.0,0.9,54.6,991.8,133029800
2022-03-12,2.5,18.4,34.76666667,3.6,180.0,6.7,72.4,990.0,44851300
2022-03-14,6.3,10.5,6.2,11.1,290.0,6.8,92.4,985.8,182414200
2022-03-15,2.8,15.0,5.533333333,9.1,290.0,2.6,69.5,987.3,127010500
2022-03-16,1.1,18.4,4.866666667,7.6,140.0,1.6,56.4,989.6,188976400
2022-03-17,4.2,11.3,4.2,3.7,140.0,3.8,79.8,995.0,139936000
2022-03-18,2.6,7.2,7.2,3.9,160.0,2.0,85.4,986.2,140835100
2022-03-19,0.3,4.3,10.1,2.7,290.0,2.0,97.5,983.7,25255600
2022-03-21,-2.2,10.3,3.18,5.6,290.0,-3.7,54.8,996.6,197570500
2022-03-22,0.6,12.9,6.36,4.2,320.0,-5.1,46.9,994.9,166024500
2022-03-23,-0.9,8.9,9.54,7.6,320.0,-2.0,66.6,991.7,95283400
2022-03-24,-0.6,10.8,12.72,4.2,320.0,0.2,71.6,995.5,91999000
2022-03-25,1.1,16.5,15.9,3.8,320.0,4.1,73.0,993.7,132325800
2022-03-26,9.7,14.0,39.2,9.5,320.0,9.3,89.9,979.2,46252300
2022-03-28,-2.3,13.7,19.65,4.1,320.0,-5.8,48.3,1001.5,181027500
2022-03-29,-1.6,17.9,9.875,4.6,290.0,-0.4,60.4,1000.5,198149200
2022-03-30,0.6,17.7,0.1,5.4,320.0,4.4,68.0,995.5,103296300
2022-03-31,2.3,12.6,3.2,4.2,160.0,4.6,83.0,998.6,109314600
2022-04-01,-0.8,13.0,3.892307692,3.3,140.0,0.7,74.6,1003.2,144051500
2022-04-02,-0.8,15.0,4.584615385,5.8,320.0,-2.4,57.0,1000.9,14449900
2022-04-04,-0.3,18.2,5.969230769,8.0,320.0,-3.1,47.6,1001.0,173852800
2022-04-05,-0.3,18.1,6.661538462,8.7,290.0,-5.2,35.6,995.5,183288300
2022-04-06,6.0,19.6,7.353846154,9.0,290.0,-2.9,34.6,994.3,158914700
2022-04-07,7.3,17.4,8.046153846,10.5,290.0,-2.4,37.0,991.1,160582500
2022-04-08,-0.1,20.7,8.738461538,8.4,320.0,-1.7,45.9,993.6,131433700
2022-04-09,4.5,25.9,9.430769231,7.0,320.0,3.1,44.5,990.1,31043000
2022-04-11,9.5,27.0,10.81538462,6.1,320.0,7.6,51.6,988.1,203049200
2022-04-12,10.1,28.6,11.50769231,5.0,160.0,10.8,61.8,985.3,109201300
2022-04-13,6.4,20.5,12.2,6.5,70.0,8.0,81.1,990.9,137867700
2022-04-14,6.1,9.9,5.2,2.4,110.0,5.3,83.6,994.1,86574200
2022-04-15,5.4,17.7,0.0,4.2,140.0,3.9,68.8,992.2,86115700
2022-04-16,1.4,18.4,0.15,7.3,320.0,-0.4,53.8,991.6,49670500
2022-04-18,9.4,20.9,0.45,6.1,320.0,-1.5,31.8,992.2,163631400
2022-04-19,4.0,22.5,0.6,7.6,320.0,-0.9,39.5,991.6,196612000
2022-04-20,4.2,23.7,0.75,7.2,290.0,0.1,40.3,990.1,119711400
2022-04-21,4.5,19.3,0.9,5.0,320.0,2.6,58.3,987.7,156570700
2022-04-22,4.7,24.3,1.05,6.7,320.0,8.6,67.3,985.2,167438600
2022-04-23,11.1,24.1,1.2,6.7,140.0,7.1,56.9,987.6,35216800
2022-04-25,12.8,26.2,1.5,7.7,320.0,11.5,64.0,986.5,165460100
2022-04-26,13.9,22.6,24.6,7.5,320.0,14.5,82.6,978.3,92528100
2022-04-27,9.9,21.6,19.0,6.6,160.0,6.7,57.0,989.6,127494900
2022-04-28,7.7,21.9,13.4,4.2,160.0,8.0,69.0,992.5,119019100
2022-04-29,7.1,13.7,7.8,3.0,20.0,5.1,69.5,991.8,125679000
2022-04-30,8.3,16.8,5.2,7.2,320.0,5.1,63.8,992.1,28803600
2022-05-02,5.1,17.9,0.0,7.2,320.0,3.2,63.0,988.7,273356800
2022-05-03,1.7,21.4,0.05,7.2,320.0,1.7,54.5,993.5,122953900
2022-05-04,6.0,25.5,0.1,8.7,320.0,5.0,48.6,993.5,144842800
2022-05-05,7.5,26.7,0.15,6.1,290.0,6.1,54.1,993.1,107041800
2022-05-06,7.7,25.9,0.2,7.4,290.0,9.6,60.3,990.9,96241800
2022-05-07,10.4,22.6,0.25,7.6,320.0,8.6,59.6,991.9,16875100
2022-05-09,8.6,23.9,0.7,4.4,110.0,3.3,53.8,993.9,108558500
2022-05-10,5.6,23.5,0.925,3.9,320.0,2.4,51.0,992.5,131125650
2022-05-11,8.6,24.6,1.15,3.9,140.0,7.5,52.6,990.0,95566200
2022-05-12,13.9,24.9,1.375,5.6,160.0,11.8,63.5,986.6,93951500
2022-05-13,12.2,19.3,1.6,2.4,140.0,12.7,87.4,983.6,56876700
2022-05-14,12.0,20.5,1.2,10.4,320.0,3.1,47.0,986.3,9623200
2022-05-16,6.7,23.1,0.4,7.8,320.0,2.1,44.8,986.8,116957500
2022-05-17,6.6,26.4,0.0,5.5,320.0,6.3,58.8,989.1,78212200
2022-05-18,8.6,27.3,0.0,6.0,320.0,7.0,52.1,991.6,97918600
2022-05-19,12.1,25.1,0.0,6.7,320.0,4.6,40.4,991.9,99539800
2022-05-20,15.1,26.9,0.0,7.3,320.0,6.7,43.6,988.3,95019300
2022-05-21,13.7,26.3,0.0,6.1,290.0,11.6,57.4,983.8,14886500
2022-05-23,12.1,30.2,0.0,6.2,290.0,12.9,63.5,987.2,125659700
2022-05-24,17.3,31.4,0.0,7.0,320.0,10.5,44.9,988.3,98635200
2022-05-25,12.9,30.2,0.0,6.1,290.0,12.1,57.1,983.2,101031700
2022-05-26,14.3,24.1,1.2,7.5,290.0,7.9,53.3,979.2,86070700
2022-05-27,12.4,24.1,0.9,8.0,270.0,8.9,54.4,976.1,82538500
2022-05-28,9.8,29.7,0.6,5.8,320.0,10.0,56.3,981.0,21530400
2022-05-30,16.0,26.2,0.0,7.2,320.0,12.8,61.5,977.4,130526400
2022-05-31,15.4,27.4,1.266666667,6.5,290.0,6.9,42.8,982.6,61597800
2022-06-01,11.7,30.9,2.533333333,6.1,320.0,5.6,38.4,981.3,82060300
2022-06-02,11.2,29.0,3.8,8.2,290.0,8.1,44.8,982.2,65085700
2022-06-03,15.3,31.1,5.066666667,6.4,140.0,12.7,57.3,986.0,129871300
2022-06-04,14.1,26.9,6.333333333,2.7,160.0,13.2,64.4,987.4,3720000
2022-06-06,11.2,21.0,4.7,4.9,320.0,13.5,83.6,977.0,171853800
2022-06-07,9.1,21.6,2.2,3.2,320.0,11.3,82.6,984.1,110865600
2022-06-08,12.8,21.4,1.1,2.5,270.0,12.8,81.4,988.0,103548600
2022-06-09,14.0,24.0,0.0,2.4,140.0,14.1,79.6,989.3,140164600
2022-06-10,12.5,28.0,0.0,3.4,180.0,14.7,70.1,989.2,79647200
2022-06-11,16.5,28.1,0.0,5.9,320.0,14.9,71.0,988.5,6477400
2022-06-13,14.9,26.0,3.933333333,5.5,110.0,12.2,67.3,987.1,204180300
2022-06-14,13.7,19.1,5.9,3.5,140.0,13.5,87.1,985.8,133714200
2022-06-15,13.6,19.4,5.9,1.9,290.0,15.6,96.5,982.6,90588500
2022-06-16,13.8,23.3,8.7625,6.9,320.0,14.6,79.9,983.3,116891700
2022-06-17,12.0,30.3,11.625,6.4,290.0,15.4,68.8,983.4,127360100
2022-06-18,19.0,31.2,14.4875,5.8,290.0,18.2,67.3,982.5,13267800
2022-06-20,19.2,32.3,20.2125,3.9,360.0,19.1,68.9,980.1,197783600
2022-06-21,19.4,34.7,23.075,3.5,340.0,18.8,67.3,979.4,147774000
2022-06-22,19.9,34.6,25.9375,5.5,290.0,19.2,65.8,982.3,85164000
2022-06-23,19.9,27.0,28.8,4.2,180.0,21.6,91.1,977.7,48841900
2022-06-24,21.5,28.7,12.4,7.7,320.0,19.9,74.8,973.5,72634700
2022-06-25,17.5,31.6,1.2,4.4,290.0,19.7,76.3,980.9,8187700
2022-06-27,22.1,27.2,39.0,3.6,140.0,23.3,94.5,985.3,116227700
2022-06-28,23.2,30.0,21.0,4.0,180.0,22.6,81.3,981.1,29145000
2022-06-29,23.7,31.9,3.0,3.7,160.0,22.9,82.4,981.9,23101200
2022-06-30,20.9,27.0,23.4,5.2,160.0,22.8,95.6,987.3,32123200
2022-07-01,20.6,32.4,18.98,3.6,290.0,22.5,84.5,990.4,24817200
2022-07-02,20.5,34.1,14.56,2.5,160.0,20.8,72.4,988.8,7603200
2022-07-04,22.8,33.7,5.72,4.5,160.0,22.3,76.5,982.0,80973000
2022-07-05,22.9,33.0,1.3,3.0,180.0,22.9,80.4,981.6,29780000
2022-07-06,23.5,31.4,0.0,2.2,140.0,23.0,81.8,984.8,46201100
2022-07-07,23.9,31.1,12.4,3.0,290.0,24.4,90.1,983.5,48711300
2022-07-08,24.1,30.2,7.7,5.4,320.0,22.8,81.3,978.6,22122700
2022-07-09,24.5,31.1,6.65,6.5,290.0,22.1,75.0,978.0,5227100
2022-07-11,22.2,26.6,13.3,4.3,160.0,22.7,93.3,982.3,92717100
2022-07-12,22.3,28.4,46.65,3.0,140.0,20.8,80.0,984.7,62121300
2022-07-13,21.1,23.1,80.0,3.3,160.0,20.8,93.9,981.0,96707000
2022-07-14,21.2,28.2,0.4,6.7,320.0,21.7,85.1,975.8,35642300
2022-07-15,21.2,30.0,0.2,5.4,320.0,19.2,70.8,975.5,158761100
2022-07-16,18.6,29.0,0.0,6.2,320.0,19.9,86.6,974.9,53583900
2022-07-18,19.6,24.6,6.0,2.6,140.0,20.8,95.6,976.5,208034400
2022-07-19,19.5,31.1,3.0,5.9,290.0,20.3,77.6,978.1,112094300
2022-07-20,21.2,30.5,0.0,5.7,290.0,20.8,75.8,982.0,263768900
2022-07-21,20.6,24.6,25.9,7.7,320.0,21.7,98.6,977.7,208239300
2022-07-22,21.1,27.9,3.7,5.4,320.0,20.4,87.1,981.4,156470000
2022-07-23,20.5,26.5,4.5,1.9,140.0,21.1,90.1,982.0,132928700
2022-07-25,21.2,31.5,15.225,4.6,290.0,21.5,79.3,984.3,266114800
2022-07-26,20.6,32.3,10.15,2.4,160.0,21.3,77.5,986.2,278253300
2022-07-27,20.5,29.7,5.075,3.3,290.0,20.5,80.3,987.5,246232600
2022-07-28,21.5,27.9,0.0,2.9,320.0,22.0,86.0,988.7,229829000
2022-07-29,23.1,33.6,2.3,4.7,290.0,23.4,84.3,989.4,237878900
2022-07-30,22.0,30.3,10.3,3.3,20.0,23.0,82.6,987.1,55597900
2022-08-01,23.5,29.6,4.8,2.5,160.0,24.3,95.3,984.2,228008300
2022-08-02,24.1,30.4,2.5,3.2,50.0,25.3,97.4,985.8,140682000
2022-08-03,23.5,28.8,0.0,6.7,320.0,23.9,91.9,986.4,133206200
2022-08-04,22.6,32.2,0.0,6.1,290.0,22.6,78.3,985.3,261341900
2022-08-05,22.7,32.3,5.2,5.8,180.0,24.2,86.4,982.4,341950200
2022-08-06,23.6,32.9,3.7,5.3,290.0,23.8,80.9,982.2,66214700
2022-08-08,24.2,29.6,0.7,3.0,180.0,24.0,90.9,983.4,478372300
2022-08-09,23.6,28.4,18.0,2.9,110.0,24.1,93.3,983.1,218529800
2022-08-10,23.1,25.2,93.8,2.6,50.0,23.8,100.0,982.3,233195000
2022-08-11,22.8,24.3,55.5,2.5,20.0,23.4,100.0,980.7,162222400
2022-08-12,21.7,31.8,0.2,5.1,320.0,22.4,84.5,982.0,115206800
2022-08-13,20.5,27.4,6.3,1.9,160.0,23.1,96.4,982.7,117451800
2022-08-15,22.6,31.3,1.4,4.6,200.0,22.8,82.4,978.3,387619400
2022-08-16,21.7,30.3,2.1,4.0,110.0,22.4,87.9,979.8,354746600
2022-08-17,20.7,29.1,4.3,3.2,320.0,21.4,85.5,982.7,367192200
2022-08-18,18.8,28.3,2.15,2.9,180.0,20.3,86.8,983.6,269024600
2022-08-19,17.9,27.6,0.0,2.1,50.0,21.3,90.8,979.7,273243100
2022-08-20,21.7,30.9,82.0,4.7,160.0,23.4,91.8,978.6,275925200
2022-08-22,17.1,30.2,29.0,5.0,320.0,19.9,81.4,981.0,756994200
2022-08-23,21.3,25.7,2.5,5.7,320.0,21.6,93.9,982.4,575566100
2022-08-24,18.7,23.6,0.1,2.4,320.0,18.5,87.1,985.3,472176300
2022-08-25,17.1,24.9,0.0,6.2,320.0,17.5,80.0,983.2,522913500
2022-08-26,16.4,28.1,0.8,5.1,320.0,16.4,68.8,982.6,742042900
2022-08-27,14.6,25.4,1.6,6.2,290.0,12.9,63.4,984.9,686853700
2022-08-29,15.6,20.9,3.2,2.3,320.0,16.6,91.9,992.3,1271203800
2022-08-30,16.5,20.0,51.5,2.1,290.0,18.4,100.0,987.6,776360200
2022-08-31,18.2,23.3,21.1,2.4,290.0,19.2,96.6,984.3,995800800
2022-09-01,16.2,25.4,10.6,2.3,320.0,17.8,91.1,989.8,1029870600
2022-09-02,14.4,27.0,0.1,4.6,320.0,16.3,81.0,992.7,1044859700
2022-09-03,16.9,25.1,0.1,4.5,320.0,16.7,79.9,991.8,1029136000
2022-09-04,18.6,24.3,0.0,3.1,290.0,20.3,92.4,987.3,26578400
2022-09-05,20.6,25.7,42.3,2.1,320.0,22.5,99.3,981.8,1165568300
2022-09-06,18.1,24.0,33.5,12.8,320.0,16.1,76.9,978.2,747681400
2022-09-07,12.5,26.5,27.93333333,5.4,290.0,13.4,71.0,992.2,536997000
2022-09-08,11.4,27.9,22.36666667,2.6,320.0,14.7,78.6,993.8,174315100
2022-09-09,13.3,27.9,16.8,3.2,320.0,14.2,76.9,994.1,4506800
2022-09-13,18.4,26.9,0.075,2.8,140.0,19.0,86.4,992.3,43888000
2022-09-14,16.8,28.7,0.05,4.6,320.0,15.2,70.6,993.2,184009000
2022-09-15,16.1,28.0,0.025,3.2,320.0,16.8,77.4,989.5,136402900
2022-09-16,18.6,25.2,0.0,2.4,290.0,19.9,94.4,986.4,138906400
2022-09-17,20.9,30.7,0.0,2.7,320.0,22.1,86.3,984.5,40216400
2022-09-19,14.1,28.5,0.328571429,6.4,320.0,15.7,68.1,976.0,153711100
2022-09-20,10.7,22.0,0.657142857,3.4,290.0,10.5,74.4,989.3,107486300
2022-09-21,8.3,22.4,0.985714286,3.1,320.0,9.2,76.3,993.8,103854500
2022-09-22,8.3,23.2,1.314285714,2.6,320.0,11.2,79.3,991.4,85685100
2022-09-23,11.7,25.8,1.642857143,9.4,320.0,11.7,73.6,987.9,115551800
2022-09-24,11.8,22.1,1.971428571,5.8,290.0,8.7,64.5,991.5,77742500
2022-09-26,10.8,23.1,2.628571429,2.8,320.0,12.8,84.9,992.4,264620200
2022-09-27,10.6,25.7,2.957142857,2.8,320.0,12.3,78.3,991.7,298786000
2022-09-28,10.1,24.1,3.285714286,2.6,140.0,13.6,87.1,989.7,308323100
2022-09-29,8.7,25.7,3.614285714,2.5,320.0,13.5,87.9,990.1,233573800
2022-09-30,9.5,27.2,3.942857143,3.3,320.0,11.5,76.4,991.6,321944000
2022-10-01,6.4,26.8,4.271428571,3.0,320.0,10.2,71.6,993.3,152478600
2022-10-03,17.0,21.4,6.3,2.1,90.0,18.8,99.8,989.7,427312000
2022-10-04,13.0,24.0,37.5,7.0,160.0,17.7,95.9,987.8,298986500
2022-10-05,12.0,18.7,18.85,2.5,290.0,11.4,83.8,995.6,311975800
2022-10-06,12.1,20.2,0.2,2.4,290.0,12.4,84.9,993.8,347654100
2022-10-07,9.9,17.4,0.6,6.9,290.0,11.0,83.1,994.1,472624300
2022-10-08,6.5,18.9,3.05,3.7,320.0,8.2,79.4,1000.1,144105600
2022-10-10,7.0,13.0,3.6,9.6,290.0,4.5,71.3,987.3,617377800
2022-10-11,5.1,15.4,3.323076923,8.1,290.0,4.2,71.0,995.2,500535000
2022-10-12,2.6,20.0,3.046153846,3.7,320.0,7.2,81.5,1001.9,482109000
2022-10-13,6.8,21.3,2.769230769,2.9,320.0,9.4,82.6,1000.3,468345600
2022-10-14,6.2,20.2,2.492307692,2.8,320.0,10.5,87.1,995.9,599746000
2022-10-15,8.8,23.5,2.215384615,3.0,320.0,12.4,81.4,994.6,222093600
2022-10-17,7.4,17.0,1.661538462,8.8,290.0,2.5,51.9,992.2,432082000
2022-10-18,0.5,14.3,1.384615385,6.7,268.88,5.45,69.97,991.55,412330300
2022-10-19,-1.1,15.1,1.107692308,6.5,290.0,0.3,70.3,999.9,430497400
2022-10-20,-1.3,19.5,0.830769231,2.6,140.0,3.0,73.5,1001.8,319685300
2022-10-21,3.3,18.6,0.553846154,4.8,320.0,5.1,69.6,998.9,269490400
2022-10-22,7.1,20.2,0.276923077,6.4,290.0,5.2,59.9,994.9,146065100
2022-10-24,1.5,15.1,0.195,6.3,320.0,2.2,71.1,995.3,331234500
2022-10-25,1.3,15.5,0.39,3.5,320.0,2.6,73.4,1002.8,433008800
2022-10-26,0.8,17.7,0.585,4.6,320.0,3.6,74.9,1002.5,361300400
2022-10-27,2.4,20.2,0.78,5.9,320.0,5.3,74.3,999.6,279680200
2022-10-28,3.9,18.6,0.975,3.2,140.0,7.5,81.1,1001.5,313903700
2022-10-29,5.7,18.3,1.17,2.5,320.0,8.0,81.3,1002.0,114450500
2022-10-31,5.7,18.2,1.56,3.2,320.0,6.5,79.9,999.7,390317200
2022-11-01,3.7,19.3,1.755,5.2,290.0,6.2,76.0,996.3,288998400
2022-11-02,1.5,19.4,1.95,5.3,320.0,2.3,68.5,995.0,281816000
2022-11-03,0.9,16.1,2.145,6.6,320.0,1.3,64.5,993.1,278936500
2022-11-04,3.1,10.3,2.34,7.3,290.0,-6.7,40.1,995.6,227235500
2022-11-05,-4.7,12.4,2.535,6.6,290.0,-7.0,47.9,998.8,106029800
2022-11-07,-1.7,16.5,2.925,5.7,320.0,0.1,67.5,997.8,301979800
2022-11-08,0.6,17.2,3.12,5.4,320.0,2.5,74.1,999.2,206115900
2022-11-09,-0.1,16.6,3.315,5.0,320.0,3.4,71.0,999.5,215216900
2022-11-10,2.3,18.8,3.51,3.2,160.0,4.7,75.8,999.5,185586600
2022-11-11,4.4,19.4,3.705,2.8,320.0,7.3,80.9,1001.3,207505300
2022-11-12,4.6,20.0,3.9,2.3,320.0,10.0,85.6,993.1,123962700
2022-11-14,6.5,12.3,12.5,7.4,320.0,4.2,69.6,992.5,246312700
2022-11-15,-0.1,11.4,0.0,5.9,290.0,2.1,74.9,991.6,208703600
2022-11-16,1.0,12.8,0.314285714,7.3,290.0,0.6,68.3,994.5,201389000
2022-11-17,0.7,15.2,0.628571429,2.5,320.0,1.1,75.3,998.5,127686500
2022-11-18,-1.3,17.7,0.942857143,3.6,320.0,1.2,73.1,1001.0,241482800
2022-11-19,1.4,16.6,1.257142857,3.6,320.0,5.3,76.6,998.6,61154900
2022-11-21,1.3,17.8,1.885714286,6.1,290.0,4.9,75.8,995.9,185277200
2022-11-22,5.3,14.9,2.2,3.4,290.0,6.5,80.5,995.6,111738900
2022-11-23,6.3,15.1,4.1,7.1,290.0,6.4,75.6,991.4,167111900
2022-11-24,1.0,13.1,4.68,3.0,160.0,2.2,83.9,995.6,113999800
2022-11-25,-1.4,13.9,5.26,2.9,320.0,1.4,81.5,993.3,123117000
2022-11-26,1.2,13.5,5.84,9.8,290.0,-2.7,51.3,991.1,63024500
2022-11-28,-1.7,13.1,7.0,2.8,320.0,4.1,83.6,992.0,168981200
2022-11-29,2.9,15.2,13.6,8.4,290.0,3.6,67.9,988.5,102371100
2022-11-30,-6.0,2.9,11.68571429,9.1,290.0,-15.7,38.4,1001.9,88157500
2022-12-01,-7.6,-0.1,9.771428571,7.0,290.0,-14.8,43.4,1003.6,87431686
2022-12-02,-9.0,2.4,7.857142857,7.6,290.0,-10.7,57.8,1003.0,55811400
2022-12-03,-5.9,4.7,5.942857143,5.9,290.0,-4.1,71.0,999.4,22021400
2022-12-05,-4.0,3.9,2.114285714,8.4,290.0,-15.2,34.4,1000.9,140506000
2022-12-06,-6.8,2.2,0.2,9.3,290.0,-6.4,68.1,996.7,100742200
2022-12-07,0.9,7.5,0.0,8.6,290.0,-1.9,65.8,996.4,104948400
2022-12-08,-1.7,9.9,0.0,7.7,290.0,-6.7,49.5,999.2,121455700
2022-12-09,-5.9,7.1,0.0,6.1,140.0,-4.5,70.1,997.1,163084200
2022-12-10,-5.6,7.8,0.0,6.4,340.0,-3.7,70.6,994.0,25743900
2022-12-12,-4.4,7.9,0.0,8.2,320.0,-3.5,69.6,993.9,149368300
2022-12-13,-3.8,3.7,6.4,9.4,290.0,-2.3,78.1,990.4,106396000
2022-12-14,-10.0,-3.7,3.8,10.4,290.0,-15.6,53.0,998.8,125074800
2022-12-15,-12.7,0.8,1.2,7.7,290.0,-9.4,77.9,998.6,85955400
2022-12-16,-7.6,-0.6,1.65,9.9,320.0,-12.0,54.4,1001.6,85832600
2022-12-17,-9.0,-2.5,2.1,8.4,290.0,-14.3,53.6,996.8,10669900
2022-12-19,-9.6,-2.7,3.0,9.7,320.0,-13.2,56.8,998.9,105731600
2022-12-20,-11.3,1.7,3.45,7.0,290.0,-10.2,65.1,999.8,124602600
2022-12-21,-5.7,-0.4,3.9,4.4,160.0,-3.6,90.8,986.8,213543900
2022-12-22,-10.6,0.3,3.466666667,10.1,320.0,-14.3,53.0,980.9,69833300
2022-12-23,-12.7,-7.7,3.033333333,13.8,320.0,-16.6,62.1,983.2,114240900
2022-12-24,-16.3,-2.6,2.6,8.9,160.0,-14.9,69.9,992.3,19509300
2022-12-26,-12.6,0.4,1.733333333,2.7,160.0,-10.8,74.3,998.9,191502600
2022-12-27,-13.1,3.1,1.3,6.8,320.0,-10.7,65.0,1001.7,188656200
2022-12-28,-7.3,0.5,0.866666667,8.6,290.0,-9.2,60.1,1001.9,187729700
2022-12-29,-5.3,1.0,0.433333333,7.1,290.0,-12.8,46.9,1004.8,187581600
2022-12-30,-6.5,1.3,0.0,7.9,290.0,-9.0,60.8,1004.4,139959480
2022-12-31,-8.6,2.0,0.0,7.5,290.0,-7.9,61.0,1002.9,47534500
2023-01-02,-5.8,1.3,0.0,8.0,320.0,-15.2,38.3,1003.0,4763500
2023-01-03,-10.0,1.2,0.0,7.8,290.0,-15.6,42.8,1001.8,193688400
2023-01-04,-8.6,2.6,0.0,8.5,290.0,-11.5,47.1,1003.0,479282900
2023-01-05,-10.3,4.1,0.0,6.6,290.0,-8.6,64.8,1003.7,539619200
2023-01-06,-9.0,5.7,0.0,2.9,320.0,-7.7,69.3,996.6,577605800
2023-01-07,-2.5,3.0,1.2,7.9,290.0,-3.3,75.6,992.4,495727600
2023-01-09,-3.8,7.7,0.0,6.9,320.0,-3.2,68.3,997.4,1066322600
2023-01-10,-7.3,8.5,0.0,3.1,320.0,-4.9,75.5,1002.3,776802500
2023-01-11,-6.7,10.7,0.0,7.2,320.0,-7.6,61.1,999.4,620298400
2023-01-12,-5.9,12.1,0.0,3.6,320.0,-6.5,60.4,997.8,611560300
2023-01-13,2.1,8.7,22.3,3.0,320.0,6.1,100.0,987.1,454061800
2023-01-14,3.0,7.6,1.3,2.5,290.0,5.4,100.0,988.6,375787200
2023-01-16,-7.0,-0.7,4.2,9.1,290.0,-7.9,70.1,996.6,376101500
2023-01-17,-7.6,0.8,4.2,6.9,290.0,-8.4,69.3,999.0,293607900
2023-01-18,-5.1,2.7,4.2,6.4,290.0,-7.9,62.4,998.9,217914000
2023-01-19,-8.7,3.9,4.2,7.6,320.0,-7.6,70.1,997.3,215581000
2023-01-20,-6.3,2.7,0.0,12.7,290.0,-13.3,44.6,998.5,194430500
2023-01-25,-17.7,-6.0,0.0,10.5,320.0,-22.8,43.5,1001.8,6075000
2023-01-26,-14.3,-4.1,0.8,5.3,160.0,-12.4,72.6,997.6,37620800
2023-01-27,-9.4,-3.9,0.8,8.7,290.0,-14.5,54.9,993.4,57376400
2023-01-28,-10.8,-2.0,0.8,8.3,290.0,-16.0,46.0,994.1,24279600
2023-01-30,-5.3,2.5,0.2,8.9,290.0,-11.9,47.0,995.7,101973200
2023-01-31,-10.5,6.4,0.2,2.5,320.0,-10.0,62.3,993.0,70377700
2023-02-01,-5.0,6.7,0.2,10.4,290.0,-6.5,52.8,991.3,126278900
2023-02-02,-7.2,3.7,0.2,7.1,290.0,-11.6,47.6,999.0,141567800
2023-02-03,-5.5,5.3,0.2,6.4,290.0,-12.3,43.6,996.0,116118400
2023-02-04,-4.0,3.9,0.2,7.3,290.0,-10.4,49.0,997.6,25981100
2023-02-06,-8.6,9.2,0.2,2.7,320.0,-7.6,59.8,996.1,99978400
2023-02-07,-6.2,11.0,0.2,3.6,320.0,-7.9,51.9,994.8,105477100
2023-02-08,-6.3,8.2,0.2,6.4,320.0,-7.3,59.4,999.2,97441500
2023-02-09,-7.2,9.8,1.1,4.5,320.0,-5.1,64.1,1002.2,102429700
2023-02-10,0.2,6.7,7.8,7.4,320.0,0.8,88.5,994.0,79096500
2023-02-11,-5.3,7.3,7.8,6.2,140.0,-1.6,90.5,997.6,34152100
2023-02-13,1.7,7.6,7.8,3.3,320.0,-0.1,75.8,992.7,134961100
2023-02-14,-1.7,8.3,0.1,4.0,160.0,-2.4,74.3,996.0,83914100
2023-02-15,-2.8,5.2,0.1,3.3,320.0,-4.1,70.3,1003.7,121220200
2023-02-16,-1.8,6.3,0.1,6.2,320.0,-3.0,70.8,1004.1,72747300
2023-02-17,-2.8,9.6,0.1,6.2,160.0,-3.9,63.3,1001.3,75046700
2023-02-18,2.0,7.6,0.0,7.3,140.0,-1.5,64.3,994.2,32544600
2023-02-20,-3.0,4.5,0.0,9.4,290.0,-12.0,41.5,998.0,154968800
2023-02-21,-7.6,4.9,0.0,6.6,320.0,-13.0,45.1,1007.1,99726100
2023-02-22,-8.2,8.6,0.0,7.1,320.0,-6.6,59.5,1003.3,111017900
2023-02-23,-0.4,10.2,0.0,10.8,290.0,-6.5,44.8,996.4,139679700
2023-02-24,1.2,9.3,0.0,7.5,320.0,-6.9,45.4,996.7,88598500
2023-02-25,-3.1,6.7,0.0,7.6,320.0,-10.0,41.5,1003.7,36747100
2023-02-27,-7.2,14.3,0.0,6.0,320.0,-8.6,44.3,1007.0,141615000
2023-02-28,-5.1,14.0,0.0,6.5,320.0,-7.1,47.5,1000.0,171103600
2023-03-01,3.0,10.9,0.0,8.8,290.0,-2.4,55.9,994.7,102438800
2023-03-02,-1.5,6.5,0.0,7.2,320.0,-13.7,30.8,999.5,88982800
2023-03-03,-4.8,10.6,0.0,8.4,290.0,-7.3,45.8,1000.6,126319500
2023-03-04,-3.5,14.5,0.0,3.6,320.0,-3.2,59.5,1002.6,56057700
2023-03-06,-3.1,16.6,0.0,7.1,320.0,-6.2,45.8,997.3,229855500
2023-03-07,-0.2,19.6,0.0,3.7,160.0,-2.6,44.1,994.9,210375400
2023-03-08,1.0,20.6,0.0,5.8,320.0,-1.6,46.8,993.6,80333500
2023-03-09,4.5,20.2,0.0,7.1,320.0,1.6,52.5,990.1,101643100
2023-03-10,1.8,22.0,0.0,3.6,320.0,-1.2,46.1,994.5,105776800
2023-03-11,2.8,22.1,0.0,5.4,320.0,1.6,48.0,996.6,35001100
2023-03-13,-2.5,7.6,5.8,9.5,290.0,-13.1,31.8,995.3,148136600
2023-03-14,-1.5,16.6,5.8,3.6,320.0,-5.5,49.3,993.4,113115100
2023-03-15,-1.9,19.8,5.8,6.7,340.0,1.5,60.1,994.2,150964900
2023-03-16,1.8,11.2,5.8,8.6,290.0,-11.9,27.5,1000.7,140477100
2023-03-17,-0.9,12.6,5.8,6.7,320.0,-4.5,45.3,997.7,140765300
2023-03-18,2.6,16.3,5.8,7.0,320.0,-3.6,46.6,992.3,19286900
2023-03-20,-1.1,18.8,5.8,5.2,290.0,-4.2,44.1,990.0,206887700
2023-03-21,1.0,21.7,5.8,3.3,320.0,-3.1,43.8,987.4,159691500
2023-03-22,2.3,22.4,0.0,3.5,320.0,5.8,60.3,986.0,244054000
2023-03-23,8.7,16.7,26.0,4.9,320.0,12.7,96.3,982.0,180058400
2023-03-24,6.0,13.3,26.0,3.1,70.0,5.9,80.1,991.4,80396400
2023-03-25,6.6,9.8,26.0,2.6,140.0,4.5,78.3,994.4,39106300
2023-03-27,-0.3,14.1,26.0,7.2,320.0,-7.6,36.3,995.3,256431100
2023-03-28,-2.3,16.8,26.0,6.4,320.0,-2.8,51.5,998.1,196133700
2023-03-29,-0.4,19.9,26.0,5.6,320.0,-1.6,49.5,996.5,208976900
2023-03-30,1.2,21.9,26.0,7.9,290.0,-4.7,34.5,993.8,177114600
2023-03-31,2.5,23.9,26.0,6.8,320.0,-1.8,39.3,992.8,197271000
2023-04-01,3.1,23.8,26.0,5.9,320.0,0.5,48.1,992.3,46168700
2023-04-03,1.4,22.2,26.0,4.9,160.0,0.0,48.5,998.8,290203100
2023-04-04,3.7,19.7,4.5,6.2,320.0,3.8,60.6,995.9,310135500
2023-04-05,10.7,14.5,66.8,4.3,70.0,12.0,97.6,986.0,152090700
2023-04-06,8.2,13.0,1.8,8.0,290.0,7.3,83.1,985.0,112789800
2023-04-07,4.2,15.1,1.1,9.5,290.0,-0.7,52.3,987.2,173226600
2023-04-08,2.1,14.1,1.1,11.3,290.0,-5.7,39.0,992.1,28828300
2023-04-10,3.0,22.1,1.1,6.7,320.0,-2.9,36.9,989.9,192803400
2023-04-11,4.4,18.9,2.8,9.0,320.0,6.7,70.3,986.3,224343500
2023-04-12,7.3,16.2,2.8,9.7,290.0,-10.9,21.1,991.0,140389800
2023-04-13,-0.1,21.6,2.8,6.1,320.0,-3.8,38.5,992.2,175365200
2023-04-14,5.9,22.9,2.8,5.1,320.0,1.8,47.4,988.3,131565600
2023-04-15,6.0,17.1,0.8,9.5,320.0,7.0,77.6,979.9,29041500
2023-04-17,1.1,18.6,0.8,3.6,320.0,2.9,64.3,990.5,176854300
2023-04-18,8.1,14.2,2.1,2.1,340.0,9.0,85.9,987.5,153228700
2023-04-19,7.0,25.3,2.1,4.0,160.0,9.8,75.4,986.0,240193100
2023-04-20,11.3,23.5,2.1,9.0,320.0,13.8,75.4,984.5,195730200
2023-04-21,7.1,17.4,2.1,5.5,110.0,5.7,63.9,988.5,130799900
2023-04-22,4.5,20.4,2.1,4.2,340.0,1.9,55.0,995.5,28146400
2023-04-24,5.0,16.7,2.1,4.0,140.0,3.8,64.4,999.5,186128500
2023-04-25,3.6,9.9,4.7,4.3,320.0,5.8,89.3,990.7,212249300
2023-04-26,3.0,14.3,0.5,9.6,320.0,3.2,67.5,988.0,163153500
2023-04-27,0.3,21.1,0.5,3.3,320.0,2.8,63.0,994.9,207519500
2023-04-28,3.6,24.8,0.0,5.9,320.0,5.3,56.9,990.9,107271800
2023-04-29,9.4,17.3,8.9,9.2,290.0,10.3,83.6,981.9,35523000
2023-05-01,8.0,19.3,0.0,7.5,290.0,3.2,52.4,991.4,195257500
2023-05-02,3.0,23.7,0.0,3.6,320.0,4.2,57.6,997.9,177321700
2023-05-03,8.7,25.9,0.0,4.2,140.0,5.9,51.8,995.7,232973500
2023-05-04,10.7,23.7,0.0,4.9,180.0,11.5,68.3,990.6,215342100
2023-05-05,14.8,18.0,63.2,1.4,50.0,16.7,100.0,981.0,104947900
2023-05-06,9.2,18.1,52.3,3.6,160.0,12.1,97.3,982.9,41049400
2023-05-08,2.0,21.4,0.3,3.7,180.0,4.2,65.9,991.2,238828400
2023-05-09,4.4,25.1,0.3,7.5,290.0,4.4,54.3,990.7,201741300
2023-05-10,7.0,25.3,0.3,4.7,320.0,4.9,51.9,991.6,217324500
2023-05-11,7.1,23.7,0.3,3.6,160.0,6.9,61.6,994.6,225229260
2023-05-12,7.5,23.6,0.3,3.1,340.0,7.5,60.1,992.1,187753300
2023-05-13,9.7,24.2,0.0,3.5,160.0,9.4,66.5,987.7,43781600
2023-05-15,8.0,26.7,0.0,3.5,320.0,9.3,62.6,984.2,304627900
2023-05-16,11.4,31.8,0.0,5.6,160.0,12.1,62.1,986.4,216322600
2023-05-17,10.6,31.0,0.0,4.8,290.0,9.2,48.1,988.5,204062900
2023-05-18,14.7,21.7,0.0,5.1,160.0,12.9,74.8,987.5,186754900
2023-05-19,11.8,22.9,0.0,2.7,320.0,12.7,75.0,985.5,151386400
2023-05-20,9.6,27.2,0.0,7.1,320.0,12.7,68.5,985.8,17434300
2023-05-22,12.3,21.5,0.0,4.7,320.0,9.8,63.5,983.8,244708100
2023-05-23,8.3,24.4,0.5,5.3,320.0,7.6,66.1,986.1,193755400
2023-05-24,7.1,25.1,0.5,3.1,320.0,7.4,60.5,990.5,156570400
2023-05-25,11.3,26.8,0.5,4.0,320.0,8.2,50.3,991.2,203747400
2023-05-26,14.7,27.2,0.0,4.6,290.0,10.9,54.6,993.4,85127600
2023-05-27,14.8,22.2,0.8,2.3,320.0,16.3,85.9,993.5,44492400
2023-05-29,17.9,22.0,21.9,1.9,140.0,19.3,98.6,986.7,58028900
2023-05-30,13.0,23.9,21.9,4.0,320.0,15.1,82.1,987.3,94795900
2023-05-31,10.5,25.9,21.9,3.4,320.0,9.7,61.3,987.5,144126200
2023-06-01,12.6,25.1,21.9,2.8,160.0,13.4,71.8,982.3,158970500
2023-06-02,17.1,27.2,21.9,6.0,290.0,15.0,67.4,977.4,107417500
2023-06-03,14.2,27.0,21.9,6.1,290.0,11.0,57.6,983.0,92556300
2023-06-05,13.1,26.5,21.9,7.1,320.0,11.7,56.5,986.0,163923100
2023-06-06,16.1,27.7,21.9,6.7,320.0,13.0,60.3,982.2,156787700
2023-06-07,17.7,26.0,21.9,7.4,320.0,15.3,70.0,984.2,136404700
2023-06-08,15.8,28.6,24.6,7.6,320.0,15.8,77.6,980.5,128911900
2023-06-09,15.7,27.4,0.1,5.7,290.0,13.3,65.5,979.8,129797000
2023-06-10,15.1,28.3,1.5,4.7,140.0,15.4,75.1,981.7,27281900
2023-06-12,17.3,27.0,6.5,3.7,290.0,17.8,87.3,981.4,180409400
2023-06-13,15.3,25.2,38.4,5.8,20.0,16.7,87.6,980.2,114761500
2023-06-14,13.6,26.0,8.9,4.7,290.0,15.3,81.0,981.9,161044800
2023-06-15,13.3,23.0,11.2,6.1,140.0,15.8,92.8,984.8,94076900
2023-06-16,14.4,29.2,11.2,5.7,290.0,16.6,75.3,988.2,147836700
2023-06-17,15.8,31.5,11.2,5.4,290.0,16.6,64.9,987.3,28109500
2023-06-19,18.2,31.2,11.2,3.7,160.0,17.0,67.1,983.7,167960000
2023-06-20,16.1,25.2,0.0,2.2,320.0,15.9,75.1,982.5,192655300
2023-06-21,16.3,20.8,51.2,2.5,320.0,18.7,99.8,978.1,84333500
2023-06-22,17.9,26.4,3.8,6.7,320.0,17.5,81.6,979.1,92942400
2023-06-23,15.4,29.0,3.8,2.8,160.0,18.0,79.1,985.5,116690800
2023-06-24,17.7,29.8,3.8,2.9,160.0,18.6,75.9,990.4,33139600
2023-06-26,18.9,22.6,85.8,2.9,50.0,20.8,99.4,984.7,177097200
2023-06-27,21.5,28.7,26.7,7.7,320.0,20.2,78.6,984.5,95545500
2023-06-28,19.4,28.8,0.7,6.1,110.0,20.3,80.6,984.0,150469600
2023-06-29,20.3,23.7,122.0,2.5,160.0,22.5,99.8,978.3,141499300
2023-06-30,21.8,24.2,94.8,2.8,140.0,22.6,100.0,977.2,101019543
2023-07-01,21.0,30.1,94.8,2.9,160.0,22.0,86.9,981.9,27240600
2023-07-03,20.0,31.8,94.8,2.6,290.0,20.9,79.0,982.7,147237600
2023-07-04,21.0,26.5,42.1,2.5,110.0,22.0,94.6,978.5,155413900
2023-07-05,19.8,26.8,42.5,8.8,290.0,20.2,82.8,971.4,84815100
2023-07-06,18.2,31.3,42.5,3.8,160.0,20.0,79.1,979.1,149572400
2023-07-07,17.9,24.6,30.9,3.2,140.0,18.8,91.0,980.2,142727000
2023-07-08,18.3,27.8,2.6,2.4,160.0,21.3,88.9,979.5,12761200
2023-07-10,19.8,30.1,30.4,2.9,160.0,21.9,90.5,980.9,101793100
2023-07-11,20.3,24.3,17.7,2.4,160.0,22.4,99.0,982.1,194662900
2023-07-12,20.9,29.4,0.3,2.8,340.0,22.7,91.8,981.9,123195900
2023-07-13,21.8,24.8,45.2,1.9,70.0,23.4,100.0,981.8,189674600
2023-07-14,22.7,24.6,123.3,4.6,160.0,23.6,100.0,976.0,93249700
2023-07-15,20.2,23.5,161.6,3.7,110.0,21.9,100.0,978.4,90492400
2023-07-17,22.0,30.5,4.3,4.2,70.0,23.6,93.4,988.0,181823800
2023-07-18,21.6,24.6,21.3,2.8,140.0,22.7,99.9,987.4,242156400
2023-07-19,19.6,30.7,21.3,3.0,320.0,22.3,86.9,983.4,100131700
2023-07-20,20.9,32.1,21.3,4.2,290.0,22.3,83.1,985.1,268250200
2023-07-21,20.6,32.1,21.3,5.2,160.0,22.7,85.3,988.9,321754100
2023-07-22,21.0,29.6,21.3,3.0,140.0,21.0,81.0,990.1,151428400
2023-07-24,22.7,29.3,17.6,3.4,140.0,23.7,92.9,985.5,379524800
2023-07-25,22.5,29.4,3.4,3.6,160.0,23.5,94.0,989.4,206930800
2023-07-26,22.3,28.7,54.7,6.2,140.0,23.3,97.0,991.6,270745700
2023-07-27,21.5,30.6,54.7,2.2,140.0,24.0,92.9,991.0,315663800
2023-07-28,22.3,32.9,54.7,3.4,180.0,24.1,86.9,990.6,232573000
2023-07-29,22.5,33.4,54.7,3.3,160.0,23.9,84.3,990.7,74814000
2023-07-31,22.7,32.5,1.1,5.8,320.0,23.9,86.3,988.9,441781700
2023-08-01,21.7,32.9,1.1,2.7,320.0,22.6,79.9,987.3,294195900
2023-08-02,22.2,33.6,1.1,3.5,320.0,23.5,80.8,984.2,341732100
2023-08-03,21.9,33.4,1.1,6.9,320.0,23.0,78.3,982.5,360792200
2023-08-04,22.8,33.8,1.1,4.9,290.0,23.7,81.4,980.7,280068700
2023-08-05,22.7,34.7,1.1,4.0,290.0,23.3,76.9,977.0,64860400
2023-08-07,23.1,34.6,0.0,4.4,160.0,24.0,88.4,976.9,661306100
2023-08-08,23.2,33.8,0.0,4.4,140.0,22.9,78.0,979.6,471693800
2023-08-09,22.9,29.4,23.6,3.3,320.0,23.0,91.1,980.3,670712000
2023-08-10,20.3,24.1,108.8,7.3,160.0,21.5,99.0,970.4,533777400
2023-08-11,20.5,29.8,0.6,4.4,180.0,22.1,90.6,977.3,170929600
2023-08-12,21.1,28.7,0.1,4.5,320.0,21.7,87.9,980.6,110507300
2023-08-14,21.1,31.7,0.4,2.7,340.0,22.3,84.9,982.7,493507400
2023-08-15,21.2,32.7,0.4,3.8,50.0,21.7,79.9,980.9,312536800
2023-08-16,20.1,31.0,0.0,3.0,180.0,21.7,80.4,980.3,398529700
2023-08-17,22.3,28.9,0.0,2.6,140.0,22.6,88.6,982.1,294157400
2023-08-18,21.9,32.2,2.8,4.7,320.0,22.9,87.6,983.9,333043600
2023-08-19,23.5,31.7,3.0,2.6,160.0,24.1,88.9,986.3,181003400
2023-08-21,22.5,31.8,1.5,2.6,320.0,23.6,89.5,985.2,677496700
2023-08-22,22.2,31.5,1.5,2.4,340.0,23.4,85.9,982.0,411825800
2023-08-23,23.0,31.0,1.1,2.5,20.0,24.0,90.3,982.5,474274200
2023-08-24,21.9,23.8,61.1,2.8,320.0,22.6,100.0,983.4,475998600
2023-08-25,21.0,29.9,10.1,6.3,320.0,21.0,81.4,983.4,181532500
2023-08-26,18.1,30.5,10.1,3.0,160.0,20.1,83.9,985.6,174081700
2023-08-28,20.9,28.0,0.0,2.8,290.0,21.0,84.3,985.0,646849700
2023-08-29,22.5,25.8,37.5,2.4,110.0,23.6,98.0,983.1,567054900
2023-08-30,20.0,24.2,65.5,5.6,290.0,21.3,98.8,985.0,487778700
2023-08-31,18.7,26.2,1.7,4.0,160.0,19.9,87.9,986.4,254157700
2023-09-01,16.5,28.2,1.7,2.6,160.0,18.3,86.0,987.7,529307100
2023-09-02,15.6,29.4,1.7,3.0,320.0,18.4,78.5,988.5,421267600
2023-09-04,20.4,30.9,0.0,2.4,320.0,21.4,80.9,988.8,1212188000
2023-09-05,19.7,30.1,0.0,2.7,320.0,20.5,83.9,988.2,622358800
2023-09-06,17.7,30.3,0.0,2.9,320.0,18.1,76.9,988.6,795977800
2023-09-07,12.8,29.4,0.0,3.4,320.0,14.4,71.8,991.2,758408600
2023-09-08,13.3,28.4,0.0,2.9,320.0,15.8,78.0,989.5,708292400
2023-09-09,16.6,28.4,0.0,2.6,140.0,17.9,81.3,987.8,294036100
2023-09-11,17.2,29.3,0.0,2.7,290.0,19.3,84.9,985.7,951498900
2023-09-12,19.1,30.0,0.0,2.9,320.0,20.1,84.0,986.9,687497800
2023-09-13,19.9,24.4,38.0,2.8,320.0,21.4,98.0,987.5,709900600
2023-09-14,19.2,24.9,17.5,1.9,160.0,20.3,94.6,989.2,549305900
2023-09-15,19.7,23.1,9.0,2.0,290.0,20.8,98.9,990.6,904755600
2023-09-16,20.7,25.7,15.9,2.5,290.0,21.9,97.8,989.0,510639200
2023-09-18,19.2,28.9,0.6,4.4,320.0,21.0,89.3,988.4,1037375100
2023-09-19,17.9,27.6,0.6,5.0,290.0,18.5,78.9,989.8,803249000
2023-09-20,18.6,21.7,102.0,2.3,320.0,19.5,99.4,987.1,1281646300
2023-09-21,15.9,21.3,0.2,3.6,320.0,17.0,91.6,986.8,921291400
2023-09-22,14.2,24.1,0.2,2.7,290.0,15.0,83.8,991.6,939821900
2023-09-23,12.3,25.7,0.2,4.1,320.0,13.6,79.9,996.0,726342800
2023-09-25,15.3,24.8,8.9,2.5,320.0,16.4,82.6,993.0,973697100
2023-09-26,17.9,19.2,39.9,1.2,290.0,18.7,100.0,989.8,350228500
2023-09-27,18.8,22.2,1.7,5.6,290.0,20.1,99.5,987.1,227226000
2023-09-28,17.2,25.5,1.7,5.7,290.0,17.1,77.4,988.8,14091000
2023-10-02,7.1,22.6,2.2,4.5,290.0,8.8,76.4,993.7,59855300
2023-10-03,8.3,19.4,2.2,2.7,320.0,10.8,88.0,993.8,356104900
2023-10-04,7.1,22.2,1.6,6.6,290.0,10.8,81.0,989.1,400988500
2023-10-05,7.9,17.9,1.6,7.9,290.0,3.8,55.0,990.2,609096500
2023-10-06,4.5,20.1,1.6,2.7,320.0,6.7,73.5,994.1,861809300
2023-10-07,7.2,20.6,0.0,3.0,320.0,10.4,82.1,998.1,341401300
2023-10-09,7.8,22.2,0.0,4.3,320.0,11.2,81.5,994.9,1020931600
2023-10-10,9.4,22.5,0.0,5.0,320.0,10.3,74.0,995.8,932507800
2023-10-11,5.9,21.5,0.0,3.2,320.0,8.6,77.9,1000.3,765669700
2023-10-12,6.2,22.5,0.0,2.8,320.0,9.4,79.9,999.6,443112200
2023-10-13,9.9,20.5,0.0,3.2,320.0,11.3,82.6,993.4,501978000
2023-10-14,7.3,18.5,8.5,4.7,320.0,10.4,90.1,986.0,193588300
2023-10-16,9.6,20.4,8.5,5.1,290.0,8.3,70.8,989.7,616734600
2023-10-17,3.2,20.1,8.5,4.7,320.0,5.4,73.8,994.1,508444500
2023-10-18,2.8,21.0,8.5,2.5,320.0,7.7,82.8,994.7,537955100
2023-10-19,7.0,17.1,3.5,2.2,320.0,10.8,91.3,991.3,434506400
2023-10-20,6.6,14.7,6.1,8.6,290.0,2.1,55.5,990.1,575348200
2023-10-21,2.9,14.3,0.0,7.6,290.0,1.1,64.9,994.9,281417100
2023-10-23,4.4,19.5,0.0,5.4,320.0,7.0,83.1,997.8,768039800
2023-10-24,3.9,19.5,0.0,6.0,320.0,7.6,83.3,995.4,829729500
2023-10-25,4.9,21.9,0.0,5.1,110.0,7.5,79.0,993.0,712310800
2023-10-26,6.3,21.6,10.5,6.3,320.0,10.0,86.9,990.0,441151500
2023-10-27,5.7,17.8,10.5,5.2,320.0,8.8,85.5,989.6,438136600
2023-10-28,4.7,18.5,10.5,3.4,320.0,7.3,83.4,993.9,276176900
2023-10-30,3.4,20.0,10.5,4.4,320.0,6.8,79.4,997.4,497407900
2023-10-31,3.8,21.5,10.5,7.4,320.0,4.9,74.3,996.7,369548700
2023-11-01,4.5,19.3,10.5,2.7,140.0,8.5,83.9,994.3,390361000
2023-11-02,7.9,24.1,10.5,2.9,320.0,10.5,82.3,992.9,434688900
2023-11-03,6.6,23.8,10.5,5.0,320.0,10.4,77.6,991.4,529818000
2023-11-04,12.5,19.4,2.3,2.2,290.0,14.0,91.3,996.9,151440600
2023-11-06,7.3,20.6,38.0,8.8,160.0,10.1,73.4,982.0,495665100
2023-11-07,1.1,10.9,0.1,9.9,290.0,-1.3,57.6,993.6,374387800
2023-11-08,-1.4,16.7,0.1,3.0,320.0,0.7,72.3,997.7,305582800
2023-11-09,0.9,18.1,0.6,3.2,160.0,6.7,82.1,995.1,484313090
2023-11-10,2.5,14.2,1.0,10.0,290.0,-2.1,51.0,996.6,341712300
2023-11-11,-2.5,7.7,1.0,6.4,320.0,-5.6,55.5,1001.1,227478500
2023-11-13,-1.5,7.0,1.0,7.5,290.0,-7.7,47.6,1000.3,405253600
2023-11-14,-2.6,9.7,1.0,7.3,290.0,-3.5,61.0,1000.1,276499600
2023-11-15,-3.4,12.8,1.0,6.9,290.0,-1.4,73.1,1001.7,229156200
2023-11-16,-1.3,6.7,3.2,5.3,320.0,1.8,89.4,994.6,251833400
2023-11-17,-1.0,7.8,0.5,7.9,320.0,-4.6,59.4,986.4,307833500
2023-11-18,-4.2,4.2,0.5,9.7,290.0,-7.9,53.9,989.9,107273500
2023-11-20,-1.7,12.1,0.5,7.3,320.0,-2.3,61.4,997.3,261977300
2023-11-21,-4.5,14.1,0.5,2.8,320.0,-2.8,68.6,996.2,227787100
2023-11-22,-4.0,14.6,0.5,3.1,320.0,-0.8,70.1,991.9,139451900
2023-11-23,3.6,17.3,0.2,9.7,290.0,0.9,59.1,987.3,226975300
2023-11-24,-2.7,5.1,0.2,9.6,290.0,-10.9,43.3,999.5,166276800
2023-11-25,-6.2,5.3,0.2,8.5,320.0,-12.1,47.5,1005.1,81465100
2023-11-27,2.4,7.0,5.4,6.5,160.0,2.9,94.5,989.3,162340400
2023-11-28,0.9,6.7,0.0,10.7,290.0,-5.0,56.0,993.7,137216400
2023-11-29,-1.7,5.1,0.4,11.0,290.0,-5.7,60.3,997.3,154206100
2023-11-30,-6.3,-0.9,0.4,8.9,290.0,-12.6,50.1,1000.2,160966700
2023-12-01,-5.7,1.2,0.4,8.2,290.0,-12.4,44.9,998.3,62333200
2023-12-02,-5.3,6.3,0.4,5.7,140.0,-5.3,61.4,998.4,21575500
2023-12-04,-7.5,8.8,0.4,6.2,290.0,-8.0,58.5,995.9,189349700
2023-12-05,-5.5,10.9,0.4,2.8,320.0,-4.5,69.3,992.3,112507300
2023-12-06,-4.4,8.0,1.4,9.1,320.0,-0.9,80.6,985.5,191773900
2023-12-07,-0.7,10.0,1.4,11.4,320.0,-4.4,55.3,989.4,178011000
2023-12-08,-3.0,13.7,1.4,3.2,320.0,0.5,79.9,990.8,165515300
2023-12-09,0.4,16.4,1.4,3.0,320.0,4.9,88.4,993.3,83507400
2023-12-11,8.5,11.6,38.4,3.0,320.0,8.8,94.5,993.2,279222200
2023-12-12,0.7,9.3,0.1,4.4,160.0,2.3,80.5,995.5,165740400
2023-12-13,-1.9,10.9,0.1,3.0,320.0,2.1,87.4,1003.3,333823600
2023-12-14,4.2,10.3,24.0,2.6,320.0,6.6,95.0,999.1,257051100
2023-12-15,4.7,8.9,34.5,2.9,160.0,6.9,100.0,987.1,249617200
2023-12-16,-7.8,5.5,1.0,12.3,290.0,-6.0,74.1,992.2,47454800
2023-12-18,-12.2,-2.4,1.0,7.4,320.0,-14.6,55.3,1006.5,167629000
2023-12-19,-8.7,2.6,1.0,5.8,290.0,-8.8,63.1,1001.2,126691700
2023-12-20,-9.5,-1.5,1.0,8.6,290.0,-11.7,60.6,998.0,227824400
2023-12-21,-11.7,-6.9,1.0,9.1,290.0,-18.9,47.0,1000.6,169721500
2023-12-22,-13.2,-6.9,1.0,11.3,290.0,-19.3,46.8,1006.5,30747800
2023-12-23,-14.2,-0.8,1.0,5.8,290.0,-15.3,58.8,1009.0,11434900
2023-12-25,-8.8,1.6,0.3,8.1,320.0,-6.1,77.4,1002.0,177566500
2023-12-26,-0.7,5.1,0.3,8.2,320.0,-3.8,64.0,1002.5,147007600
2023-12-27,-5.1,7.3,0.3,3.1,320.0,-4.7,74.3,1004.5,255980200
2023-12-28,-6.8,5.9,0.3,8.0,320.0,-5.8,68.8,1001.6,257729800
2023-12-29,-6.4,5.9,0.3,7.6,320.0,-4.7,75.5,1000.3,250837000
2023-12-30,-5.9,3.1,1.7,2.5,320.0,-2.4,88.9,993.0,41005700
2024-01-03,0.4,4.4,3.1,7.7,290.0,-2.4,72.8,992.5,428408300
2024-01-08,-11.6,1.3,3.1,9.8,290.0,-14.5,47.5,999.5,604606500
2024-01-09,-5.5,-1.3,0.9,5.7,160.0,-6.2,78.9,993.8,405878200
2024-01-10,-5.8,6.6,0.9,4.4,290.0,-3.6,87.0,993.6,548560600
2024-01-11,-6.1,4.0,0.9,11.0,320.0,-4.2,75.3,991.4,693765500
2024-01-12,-0.3,6.2,0.9,9.2,290.0,-6.9,50.0,991.3,464570800
2024-01-13,-6.0,5.4,0.9,7.4,290.0,-11.3,46.5,997.9,212648900
2024-01-15,-2.9,1.9,3.5,8.6,290.0,-8.9,54.8,999.1,785151100
2024-01-16,-9.3,4.4,3.5,6.0,320.0,-9.4,65.9,1005.9,613390600
2024-01-17,-6.8,3.1,4.0,2.8,320.0,-4.2,77.5,1000.5,533351500
2024-01-18,0.7,6.5,4.3,2.2,320.0,3.1,100.0,997.6,753494700
2024-01-19,1.5,4.4,4.3,3.2,320.0,0.7,87.4,1003.9,564576500
2024-01-20,0.0,4.5,5.9,2.8,320.0,1.0,94.1,1000.4,247885700
2024-01-22,-10.2,2.4,5.9,10.1,320.0,-11.7,64.3,997.7,1014414600
2024-01-23,-12.7,-7.8,5.9,10.0,290.0,-17.9,56.3,996.3,615587840
2024-01-24,-12.6,-5.3,5.9,7.8,290.0,-16.9,51.8,997.3,448333200
2024-01-25,-11.5,-1.1,5.9,7.9,290.0,-15.2,47.8,1000.5,926688900
2024-01-26,-9.8,3.3,5.9,6.9,290.0,-10.6,54.1,1001.5,809578800
2024-01-27,-5.8,4.9,5.9,7.3,290.0,-7.5,57.3,1000.1,543537700
2024-01-29,-9.4,5.0,5.9,5.9,290.0,-8.3,66.3,1004.1,1219535460
2024-01-30,-9.0,7.3,5.9,3.0,320.0,-9.0,62.4,1003.2,920536700
2024-01-31,-3.6,11.9,5.9,6.2,140.0,-5.6,50.4,997.8,1036189900
2024-02-01,-0.9,8.0,5.9,4.7,160.0,-3.9,62.1,999.4,983519600
2024-02-02,-1.4,6.8,5.9,3.3,320.0,-2.8,71.8,1002.1,845142000
2024-02-03,-1.9,6.8,1.5,2.6,320.0,-0.1,83.5,1002.7,364916100
2024-02-04,-0.5,8.5,0.0,2.3,320.0,0.6,82.0,1000.4,5212200
2024-02-05,-0.6,6.5,7.3,3.7,20.0,0.3,86.9,995.6,472279500
2024-02-06,-1.8,1.6,2.1,4.5,70.0,-0.5,95.1,998.5,372675900
2024-02-07,-2.1,4.7,2.1,5.9,290.0,-4.1,71.6,996.4,206790800
2024-02-08,-5.7,5.5,2.1,6.1,320.0,-4.4,75.3,994.9,41791900
2024-02-13,-4.9,15.3,2.1,4.6,320.0,-1.0,68.5,1000.5,29255900
2024-02-14,1.9,14.9,2.1,3.0,320.0,4.2,81.4,996.6,27399200
2024-02-15,0.7,9.6,1.4,9.8,290.0,2.8,89.4,992.5,149878800
2024-02-16,-3.1,7.1,1.4,2.9,320.0,-3.8,69.6,998.8,50918300
2024-02-17,-5.2,12.1,1.4,3.1,320.0,-2.6,74.9,996.6,71593700
2024-02-19,8.5,14.2,25.1,7.4,320.0,10.5,96.3,986.5,281940900
2024-02-20,3.1,9.8,5.9,7.6,320.0,3.9,91.6,998.3,139609900
2024-02-21,0.2,3.5,21.1,2.8,160.0,1.7,98.0,997.5,231531900
2024-02-22,-1.1,1.7,5.4,2.1,180.0,-1.0,92.1,1001.3,208818900
2024-02-23,-1.3,3.1,0.6,3.1,290.0,-2.7,80.5,1004.6,198539600
2024-02-24,-3.3,3.2,1.4,3.3,320.0,-3.2,79.4,1003.7,29771000
2024-02-26,-1.8,8.5,0.0,3.6,140.0,-1.9,77.4,1001.8,538571100
2024-02-27,-3.4,6.7,0.0,3.2,320.0,-3.7,71.9,1005.4,324280900
2024-02-28,-3.8,9.1,0.0,2.7,160.0,-2.0,75.3,1003.4,192018900
2024-02-29,-1.3,5.7,0.0,5.4,140.0,0.6,85.0,996.4,168148100
2024-03-01,-6.1,4.5,0.0,10.9,290.0,-14.5,39.5,994.3,206109900
2024-03-02,-9.7,3.9,0.0,5.9,290.0,-12.0,47.4,994.3,36330800
2024-03-04,2.7,12.0,1.2,8.2,290.0,-1.6,58.4,995.0,396880300
2024-03-05,3.8,6.4,4.2,2.4,320.0,4.0,94.1,990.3,140694800
2024-03-06,1.9,9.0,4.2,3.3,320.0,-0.3,71.0,991.3,264917800
2024-03-07,1.0,5.2,0.7,8.4,320.0,-1.8,73.8,991.4,232185400
2024-03-08,-0.6,7.1,0.7,9.7,290.0,-7.7,50.3,990.6,239655700
2024-03-09,-2.9,7.4,0.7,6.4,290.0,-9.6,44.1,997.2,29052800
2024-03-11,-2.4,10.4,0.7,2.7,320.0,-4.3,58.1,994.9,411866200
2024-03-12,-1.4,10.6,0.0,4.3,320.0,-0.4,77.1,989.6,375004900
2024-03-13,-3.9,12.1,0.0,7.4,290.0,-4.5,58.6,994.1,314484500
