일시,최저기온(°C),최고기온(°C),강수량,최대 풍속(m/s),최다풍향,평균 이슬점온도(°C),평균 상대습도(%),평균 현지기압(hPa),총거래물량(kg)
2020-01-02,-4.8,4.0,3.328571429,8.0,290.0,-5.1,65.6,1002.4,1200.0
2020-01-03,-1.9,5.3,3.971428571,7.2,290.0,-6.9,52.9,999.3,69636.0
2020-01-04,-6.3,5.7,4.614285714,6.8,290.0,-6.5,61.4,999.0,81055.0
2020-01-06,-4.6,3.7,5.9,2.7,320.0,-2.1,81.3,1002.0,202560.0
2020-01-07,3.0,9.4,58.4,3.4,320.0,6.5,100.0,987.1,144105.0
2020-01-08,2.8,12.7,2.1,10.5,320.0,1.8,80.0,986.7,224630.0
2020-01-09,-1.0,2.9,1.909090909,7.9,290.0,-5.4,65.6,996.2,225970.0
2020-01-10,-5.9,5.8,1.718181818,6.9,320.0,-5.5,69.4,996.8,270975.0
2020-01-11,-4.7,4.8,1.527272727,7.7,290.0,-6.2,63.5,993.1,207747.0
2020-01-13,-3.4,1.8,1.145454545,8.1,290.0,-9.0,55.5,995.4,329295.0
2020-01-14,-6.2,3.6,0.954545455,6.1,290.0,-10.5,50.9,998.7,204755.0
2020-01-15,-6.9,2.4,0.763636364,6.4,290.0,-11.4,47.5,1001.0,159490.0
2020-01-16,-8.3,4.5,0.572727273,5.7,320.0,-10.7,56.1,999.8,207465.0
2020-01-17,-7.0,6.9,0.381818182,2.8,320.0,-7.7,63.6,996.4,138895.0
2020-01-18,-3.1,6.7,0.190909091,6.0,290.0,-8.1,55.1,994.5,106395.0
2020-01-19,-1.8,5.4,0.0,6.8,320.0,-4.8,60.6,992.6,2425.0
2020-01-20,-0.5,4.7,0.125,7.6,290.0,-6.3,55.8,995.3,139920.0
2020-01-21,-7.6,4.9,0.25,7.1,290.0,-9.9,55.4,1003.5,67730.0
2020-01-22,-3.1,4.5,0.375,2.6,320.0,-7.2,54.3,999.9,66140.0
2020-01-23,0.3,9.0,0.5,2.5,160.0,0.9,84.3,997.5,20000.0
2020-01-24,-1.7,10.2,0.525,3.3,160.0,0.0,84.9,1004.2,4500.0
2020-01-28,-0.8,10.9,0.0,3.9,20.0,-0.1,68.9,991.7,3220.0
2020-01-29,-3.3,9.1,0.1,2.4,340.0,-1.5,75.5,990.1,37040.0
2020-01-30,-1.2,8.0,0.0,4.0,320.0,-1.5,75.3,989.4,32630.0
2020-01-31,-1.5,6.8,0.05,5.3,290.0,-1.6,78.1,993.7,44150.0
2020-02-01,-3.1,5.1,0.1,7.6,290.0,-3.3,64.8,997.8,15150.0
2020-02-03,-2.1,4.0,0.2,7.1,290.0,-9.3,47.8,999.2,93185.0
2020-02-04,-8.8,5.0,0.25,7.4,320.0,-9.1,54.4,999.3,52805.0
2020-02-05,-8.3,1.0,0.3,9.8,290.0,-16.5,42.0,1002.2,41850.0
2020-02-06,-13.3,2.9,3.2,6.3,320.0,-14.3,52.5,1006.2,31218.0
2020-02-07,-9.8,3.0,6.1,8.5,290.0,-10.4,57.6,1001.6,51270.0
2020-02-08,-1.1,4.2,9.0,6.3,290.0,-8.0,52.6,999.5,12840.0
2020-02-10,-2.6,8.9,14.8,7.1,290.0,-5.5,54.3,997.6,43022.0
2020-02-11,-6.6,12.1,17.7,3.0,320.0,-5.8,56.8,1002.3,62962.0
2020-02-12,1.5,8.0,20.6,2.6,320.0,3.7,90.0,992.6,68130.0
2020-02-13,1.8,13.2,0.3,7.1,290.0,4.0,75.0,992.6,37712.0
2020-02-14,0.1,15.8,0.7,3.2,320.0,1.5,75.0,995.3,40710.0
2020-02-15,1.6,14.5,1.1,3.3,320.0,4.6,80.4,994.0,5090.0
2020-02-17,-6.5,-2.9,0.0,9.2,290.0,-10.4,63.9,989.7,50431.0
2020-02-18,-8.6,1.5,0.025,8.1,290.0,-11.8,51.1,999.3,49100.0
2020-02-19,-7.1,8.2,0.05,6.7,320.0,-7.3,55.3,1003.2,47405.0
2020-02-20,-3.6,11.8,0.075,5.3,320.0,-4.3,61.0,1007.2,63480.0
2020-02-21,-3.3,12.4,0.1,5.5,160.0,-2.2,62.0,1004.6,28790.0
2020-02-22,0.9,8.5,2.6,10.3,290.0,-3.6,57.4,997.2,14692.0
2020-02-24,-5.2,14.9,21.6,6.7,290.0,-8.2,45.5,998.6,45020.0
2020-02-25,3.1,6.5,31.1,3.5,290.0,4.5,96.6,993.2,48420.0
2020-02-26,1.4,10.6,0.0,3.6,160.0,2.9,83.6,997.4,40384.0
2020-02-27,-1.2,7.7,0.5,2.9,340.0,-0.1,81.6,1002.9,45834.0
2020-02-28,-1.8,3.0,2.2,2.2,320.0,0.7,94.8,998.4,60194.0
2020-02-29,1.2,12.2,1.5,3.2,320.0,2.5,85.4,992.8,14670.0
2020-03-02,1.4,8.6,0.1,7.9,290.0,-3.2,59.6,996.2,98852.0
2020-03-03,-1.1,10.9,0.05,4.3,320.0,0.2,71.4,998.9,63190.0
2020-03-04,-0.5,7.6,0.0,11.1,290.0,-5.1,56.4,994.2,78982.0
2020-03-05,-2.4,7.2,0.0,7.3,290.0,-8.4,48.6,997.9,60465.0
2020-03-06,-6.9,12.9,0.0,5.4,320.0,-9.1,51.3,996.3,43842.0
2020-03-07,-2.2,10.5,0.0,2.8,320.0,-3.0,60.1,993.1,22880.0
2020-03-09,-1.0,15.3,0.0,3.0,320.0,2.2,70.0,989.4,67312.0
2020-03-10,4.8,9.6,4.6,7.9,290.0,5.2,85.4,980.6,59750.0
2020-03-11,0.9,8.0,3.68,8.0,290.0,-6.5,48.8,990.7,35480.0
2020-03-12,-4.2,14.7,2.76,6.6,290.0,-6.6,43.9,995.9,73135.0
2020-03-13,2.5,12.5,1.84,8.3,290.0,-6.3,40.3,994.0,56435.0
2020-03-14,-1.3,9.2,0.92,7.4,290.0,-8.6,39.5,988.8,26820.0
2020-03-16,-0.4,10.5,0.05,6.4,320.0,-8.3,41.4,994.7,72958.0
2020-03-17,1.7,9.7,0.1,9.1,290.0,-0.8,63.8,990.1,72330.0
2020-03-18,-2.1,17.7,0.866666667,5.1,320.0,-2.2,52.5,988.6,83244.0
2020-03-19,-0.5,15.4,1.633333333,11.2,290.0,-3.5,51.4,980.9,95210.0
2020-03-20,4.3,15.6,2.4,10.9,290.0,-5.9,35.5,987.6,73972.0
2020-03-21,3.1,22.7,3.166666667,8.5,270.0,1.2,42.5,985.9,18065.0
2020-03-23,-0.5,16.5,4.7,8.2,290.0,-1.9,56.1,991.8,94718.0
2020-03-24,-1.8,16.8,5.466666667,4.4,160.0,-1.5,56.5,995.5,85580.0
2020-03-25,-0.5,19.4,6.233333333,3.5,140.0,0.1,55.4,995.7,78750.0
2020-03-26,3.5,20.7,7.0,4.8,180.0,6.0,70.6,991.7,54905.0
2020-03-27,7.5,16.7,4.3,8.5,290.0,9.1,83.0,987.2,64395.0
2020-03-28,2.1,11.5,4.03125,6.6,320.0,-0.3,60.9,994.7,14780.0
2020-03-30,0.6,17.1,3.49375,3.6,320.0,1.5,64.9,995.4,72220.0
2020-03-31,0.0,19.5,3.225,3.9,320.0,0.4,52.9,991.9,53875.0
2020-04-01,5.5,19.0,2.95625,7.6,290.0,-0.7,45.3,987.9,60196.0
2020-04-02,0.0,17.1,2.6875,7.0,320.0,-5.8,39.9,995.6,73950.0
2020-04-03,3.1,17.6,2.41875,6.7,290.0,-8.2,26.1,994.5,60620.0
2020-04-04,0.7,15.3,2.15,9.2,320.0,-3.5,44.1,992.6,15320.0
2020-04-06,-3.5,17.3,1.6125,6.1,320.0,-6.8,38.6,994.3,79530.0
2020-04-07,4.5,18.1,1.34375,7.9,320.0,-1.5,39.0,989.4,88883.0
2020-04-08,2.3,15.0,1.075,8.3,290.0,-6.9,37.0,991.7,77665.0
2020-04-09,-1.1,15.4,0.80625,7.4,320.0,-2.9,54.6,996.4,69332.0
2020-04-10,4.0,14.2,0.5375,3.1,320.0,-0.9,51.5,999.7,68662.0
2020-04-11,1.9,14.3,0.26875,3.6,320.0,-0.7,51.6,993.8,30745.0
2020-04-13,1.3,16.5,2.06,6.8,340.0,-4.9,41.1,988.1,76350.0
2020-04-14,-2.3,21.0,4.12,8.2,320.0,-7.4,33.9,990.6,90792.0
2020-04-15,2.2,21.4,6.18,7.5,140.0,-2.3,38.4,989.3,58090.0
2020-04-16,3.6,20.0,8.24,3.9,320.0,2.9,58.5,994.2,66390.0
2020-04-17,6.6,11.9,10.3,2.8,320.0,6.9,87.9,989.8,36915.0
2020-04-18,5.3,16.7,1.0,7.0,320.0,6.0,72.5,990.6,5780.0
2020-04-20,8.0,15.5,0.0,9.7,290.0,5.1,71.0,984.7,55794.0
2020-04-21,3.7,12.8,0.0,11.3,290.0,-3.9,46.0,987.3,71260.0
2020-04-22,3.5,9.5,0.0,11.1,290.0,-5.2,45.1,988.9,55395.0
2020-04-23,3.6,13.4,0.0,9.9,290.0,-4.9,43.0,989.3,78160.0
2020-04-24,4.3,16.3,0.0,8.7,320.0,-4.4,41.0,988.3,70960.0
2020-04-25,0.7,22.5,0.0,6.9,320.0,0.6,49.0,985.0,15980.0
2020-04-27,2.1,17.2,0.0,7.5,320.0,0.8,58.9,994.5,58380.0
2020-04-28,1.2,20.2,0.0,8.3,320.0,-1.1,46.8,994.2,68360.0
2020-04-29,6.3,23.5,0.0,7.1,290.0,1.7,41.1,993.7,76282.0
2020-04-30,8.7,25.3,0.0,6.7,320.0,4.9,42.1,990.6,41290.0
2020-05-01,12.1,30.0,0.0,5.7,320.0,12.2,57.8,988.1,33324.0
2020-05-02,19.5,26.4,0.0,7.7,320.0,14.8,63.1,986.5,4250.0
2020-05-04,13.0,26.5,3.65,6.3,290.0,13.5,73.5,983.6,58804.0
2020-05-05,10.2,19.6,2.5,3.0,320.0,11.4,81.9,987.8,52780.0
2020-05-06,7.9,26.0,2.5,5.3,160.0,8.2,68.1,990.1,37660.0
2020-05-07,5.6,23.0,2.5,4.6,160.0,3.0,52.8,994.9,70308.0
2020-05-08,6.8,23.2,2.5,4.5,160.0,4.9,51.3,991.4,33240.0
2020-05-09,13.3,15.3,57.2,2.0,110.0,14.4,99.3,982.7,10420.0
2020-05-11,11.2,23.6,0.0,9.3,320.0,7.2,52.9,982.4,21680.0
2020-05-12,12.7,22.0,0.2,7.5,290.0,6.7,54.6,979.8,20750.0
2020-05-13,10.8,22.4,11.63333333,9.5,290.0,3.4,44.6,990.1,37380.0
2020-05-14,6.9,25.0,23.06666667,3.6,320.0,6.7,53.8,992.2,31380.0
2020-05-15,12.6,16.3,34.5,3.0,320.0,11.9,89.1,987.1,38020.0
2020-05-16,13.0,23.6,33.2,4.0,290.0,14.5,83.1,982.1,845.0
2020-05-18,15.1,22.4,30.6,4.6,160.0,14.6,82.8,976.8,11000.0
2020-05-19,9.3,16.4,12.8,6.6,290.0,8.4,75.8,974.9,26430.0
2020-05-20,7.9,16.6,8.533333333,4.7,320.0,6.5,71.5,986.3,31606.0
2020-05-21,5.9,21.2,4.266666667,3.6,160.0,8.6,72.5,990.9,38760.0
2020-05-22,11.5,21.8,0.0,2.4,160.0,11.1,75.8,990.1,45622.0
2020-05-23,10.6,24.9,0.95,3.5,320.0,11.1,71.9,987.7,11020.0
2020-05-25,11.4,22.9,0.95,5.6,290.0,12.1,70.8,986.6,58198.0
2020-05-26,12.5,25.5,0.0,5.8,320.0,12.0,67.9,983.7,19340.0
2020-05-27,13.7,24.7,0.0,6.2,290.0,8.9,55.3,983.7,31650.0
2020-05-28,10.5,24.4,0.0,3.9,140.0,9.2,62.0,985.0,39890.0
2020-05-29,10.0,26.6,0.0,6.4,320.0,10.7,67.5,990.8,27600.0
2020-05-30,10.4,27.6,0.0,2.9,320.0,10.0,60.6,992.9,3570.0
2020-06-01,17.5,25.1,0.0,8.2,320.0,9.6,52.4,984.5,24200.0
2020-06-02,11.7,24.7,1.266666667,5.2,160.0,9.1,54.6,983.5,29225.0
2020-06-03,16.1,27.8,2.533333333,5.2,290.0,15.1,68.8,979.5,19865.0
2020-06-04,15.2,31.0,3.8,5.4,320.0,15.9,63.4,979.6,42605.0
2020-06-05,19.0,31.0,5.066666667,5.1,290.0,14.6,57.0,982.8,41280.0
2020-06-06,15.2,27.9,6.333333333,4.2,320.0,12.8,62.8,986.0,8020.0
2020-06-08,16.5,32.0,8.866666667,3.4,140.0,17.6,65.6,990.0,29250.0
2020-06-09,18.2,33.5,10.13333333,4.4,140.0,18.2,63.8,989.7,15640.0
2020-06-10,18.6,32.7,11.4,3.9,160.0,18.1,69.1,985.1,17530.0
2020-06-11,19.4,30.4,15.2,3.5,270.0,20.3,77.9,979.4,29032.5
2020-06-12,18.2,27.7,3.2,3.1,290.0,20.2,86.0,981.5,22320.0
2020-06-13,18.2,30.0,0.1,3.6,160.0,18.4,74.5,981.2,2040.0
2020-06-15,16.1,27.4,4.416666667,5.9,290.0,14.5,61.8,981.7,41780.0
2020-06-16,16.7,28.7,3.733333333,5.2,320.0,14.2,60.6,982.2,35680.0
2020-06-17,14.4,28.0,3.05,4.2,160.0,15.6,71.0,981.7,32020.0
2020-06-18,17.5,22.4,2.366666667,4.8,140.0,16.0,77.4,979.7,41960.0
2020-06-19,16.5,28.2,1.683333333,2.5,140.0,15.8,73.8,982.5,15760.0
2020-06-22,16.0,32.7,6.35,3.1,340.0,17.3,68.9,984.6,28260.0
2020-06-23,17.6,32.0,9.025,3.2,320.0,17.0,65.8,985.4,22700.0
2020-06-24,18.1,23.5,11.7,2.7,320.0,17.0,81.1,982.4,27900.0
2020-06-25,18.1,22.2,1.5,2.5,290.0,19.6,95.4,978.7,16825.0
2020-06-26,18.9,26.2,0.75,6.9,320.0,17.6,79.5,981.9,18970.0
2020-06-27,18.7,27.3,0.0,4.6,160.0,18.3,78.5,981.3,300.0
2020-06-29,16.7,25.1,43.1,3.4,110.0,18.4,86.0,979.9,25770.0
2020-06-30,17.8,23.1,50.0,4.2,290.0,18.3,89.5,968.2,3420.0
2020-07-01,15.3,21.8,4.5,6.0,320.0,15.6,82.8,980.4,10230.0
2020-07-02,13.5,27.9,2.25,3.3,140.0,15.8,73.4,987.5,14530.0
2020-07-03,16.3,23.4,0.0,2.6,290.0,16.2,81.3,987.8,7950.0
2020-07-04,16.3,26.4,1.0,2.7,160.0,16.8,78.9,983.2,3860.0
2020-07-06,16.5,28.0,2.2,3.0,180.0,18.9,82.4,977.9,13385.0
2020-07-07,20.4,27.7,6.125,5.9,320.0,19.3,78.0,979.7,13900.0
2020-07-08,18.7,30.0,10.05,4.3,160.0,18.7,74.0,980.8,21360.0
2020-07-09,19.3,30.4,13.975,4.6,160.0,19.0,72.1,981.5,19440.0
2020-07-10,20.6,28.5,17.9,3.2,290.0,20.9,86.6,978.5,20760.0
2020-07-13,16.4,19.0,92.9,2.4,290.0,17.1,97.4,981.2,18772.0
2020-07-14,17.1,21.9,1.2,2.1,140.0,17.5,91.8,979.3,25070.0
2020-07-15,17.0,23.2,3.8,1.7,180.0,17.3,89.9,982.0,19360.0
2020-07-16,17.7,28.0,2.9,2.9,160.0,18.5,82.5,983.2,19390.0
2020-07-17,17.8,29.0,2.0,2.8,160.0,18.5,82.9,985.2,74162.0
2020-07-18,16.3,27.1,1.1,2.7,320.0,17.8,81.6,986.1,8748.0
2020-07-20,21.9,29.0,17.0,7.0,320.0,21.3,83.8,982.5,71273.0
2020-07-21,20.5,29.9,24.65,7.9,320.0,20.1,76.1,987.6,40050.0
2020-07-22,20.8,23.0,32.3,1.9,320.0,21.2,96.5,986.7,33120.0
2020-07-23,18.0,21.1,91.9,3.8,140.0,19.4,98.1,984.7,19224.0
2020-07-24,17.8,22.4,37.9,3.6,320.0,19.3,98.4,975.4,26680.0
2020-07-25,19.1,25.1,3.3,3.6,320.0,20.2,92.5,979.0,17610.0
2020-07-27,20.2,24.9,2.3,2.8,160.0,20.8,93.4,985.6,119950.0
2020-07-28,20.0,23.4,12.0,2.1,290.0,20.9,96.9,987.6,69910.0
2020-07-29,20.1,22.7,60.4,2.3,320.0,21.3,98.6,989.6,54690.0
2020-07-30,20.2,23.7,51.6,4.6,160.0,21.5,98.9,990.3,58936.0
2020-07-31,20.2,30.0,0.0,5.0,290.0,21.9,85.0,989.8,46210.0
2020-08-01,22.1,29.7,6.8,3.1,160.0,22.8,89.1,987.6,74270.0
2020-08-03,21.5,27.2,5.2,6.0,290.0,22.7,95.5,985.7,153794.0
2020-08-04,21.0,30.3,34.1,3.9,180.0,22.8,91.9,988.5,190246.0
2020-08-05,21.9,27.2,15.1,2.0,50.0,23.6,97.1,989.4,163626.0
2020-08-06,20.7,28.3,33.2,5.2,140.0,22.7,91.8,982.6,114124.0
2020-08-07,19.8,23.5,8.2,2.7,140.0,20.9,97.1,983.7,74350.0
2020-08-08,20.2,23.0,26.0,1.7,290.0,21.5,99.9,980.9,38430.0
2020-08-10,22.2,26.7,48.3,3.6,160.0,23.5,98.3,981.4,80890.0
2020-08-11,22.3,26.8,62.2,4.0,140.0,22.9,95.9,986.2,69770.0
2020-08-12,21.8,29.6,0.5,3.2,160.0,24.1,94.9,989.1,37880.0
2020-08-13,22.7,31.7,1.666666667,2.9,160.0,23.9,86.6,986.3,115626.0
2020-08-14,22.9,31.9,2.833333333,3.7,50.0,24.0,82.9,982.5,128715.0
2020-08-15,23.0,31.7,4.0,5.4,70.0,23.9,88.0,985.1,91058.0
2020-08-17,22.0,32.6,4.457142857,5.4,290.0,21.8,74.0,989.6,149170.0
2020-08-18,20.6,32.4,4.685714286,4.7,290.0,21.7,80.3,988.8,137870.0
2020-08-19,20.1,32.9,4.914285714,6.4,160.0,20.9,75.9,987.0,171820.0
2020-08-20,20.2,32.8,5.142857143,4.1,140.0,22.6,83.5,988.6,97320.0
2020-08-21,21.7,31.1,5.371428571,3.6,180.0,22.5,80.6,990.6,130790.0
2020-08-22,21.6,27.0,5.6,4.3,340.0,21.8,86.4,989.2,76434.0
2020-08-24,19.5,30.8,2.766666667,3.1,160.0,21.2,80.9,982.5,211220.0
2020-08-25,21.5,33.0,3.633333333,3.2,320.0,22.9,82.1,982.5,103662.0
2020-08-26,23.4,31.5,4.5,6.6,110.0,23.3,82.9,981.5,135430.0
2020-08-27,23.7,29.2,14.2,3.9,50.0,24.5,94.9,980.6,119610.0
2020-08-28,23.4,31.5,16.4,3.4,50.0,24.4,88.6,984.3,91910.0
2020-08-29,23.4,30.9,22.2,2.7,320.0,24.2,91.4,986.2,75420.0
2020-08-31,20.0,27.5,0.3,3.1,290.0,21.4,90.0,990.0,171970.0
2020-09-01,19.2,27.3,0.0,2.3,320.0,20.7,87.4,986.9,144502.0
2020-09-02,22.3,25.1,15.1,3.1,320.0,22.9,96.4,979.3,177017.0
2020-09-03,17.5,26.3,29.8,10.9,270.0,18.2,77.1,971.5,129730.0
2020-09-04,15.1,27.4,14.95,4.5,320.0,16.2,79.5,989.0,107580.0
2020-09-05,16.6,23.7,0.1,2.4,290.0,17.2,88.5,990.7,118540.0
2020-09-07,18.1,24.4,35.8,9.8,340.0,17.5,80.0,966.3,153550.0
2020-09-08,15.6,26.7,0.0,5.7,250.0,16.2,73.6,985.4,152790.0
2020-09-09,15.6,25.9,1.3,3.5,320.0,17.2,85.3,986.4,144930.0
2020-09-10,15.4,24.8,0.1,2.7,160.0,17.5,89.6,986.0,138600.0
2020-09-11,16.7,23.7,0.2,2.6,320.0,16.8,84.1,991.1,143690.0
2020-09-12,16.2,23.4,8.6,3.0,290.0,16.6,88.0,990.8,90953.0
2020-09-14,15.1,25.2,2.866666667,5.5,320.0,15.6,81.4,990.2,244370.0
2020-09-15,15.0,26.5,0.0,2.6,160.0,16.3,81.8,989.4,173407.0
2020-09-16,18.3,23.7,2.2,2.8,160.0,18.1,91.3,986.6,194369.0
2020-09-17,16.7,22.4,0.0,3.7,290.0,17.3,88.5,986.1,196451.0
2020-09-18,12.9,23.1,0.35,5.9,290.0,12.8,68.1,988.6,206340.0
2020-09-19,12.0,22.9,0.7,4.7,320.0,13.5,84.9,991.1,160902.0
2020-09-21,7.8,22.4,0.592307692,2.8,320.0,10.3,76.8,994.4,314173.0
2020-09-22,11.0,22.6,0.538461538,2.9,320.0,11.4,78.1,995.0,262796.0
2020-09-23,9.6,22.5,0.484615385,3.7,320.0,11.6,79.4,993.9,291042.0
2020-09-24,12.1,23.3,0.430769231,3.0,320.0,12.4,76.1,990.9,270277.0
2020-09-25,12.0,24.3,0.376923077,4.4,20.0,12.1,74.9,988.6,249063.0
2020-09-26,11.0,23.8,0.323076923,4.2,20.0,12.0,77.0,991.8,203403.7
2020-09-27,10.3,23.7,0.269230769,2.8,320.0,11.8,80.6,994.6,1680.0
2020-09-28,8.1,23.5,0.215384615,2.9,320.0,11.1,81.4,993.1,200311.2
2020-09-29,8.6,23.9,0.161538462,3.1,320.0,11.7,79.5,987.4,30690.6
2020-09-30,10.8,23.2,0.107692308,2.5,320.0,12.1,78.0,986.9,6340.0
2020-10-05,7.5,17.3,0.0857142857,6.9,290.0,3.8,57.4,992.3,85430.0
2020-10-06,3.7,19.9,0.0714285714,4.9,320.0,5.1,70.3,997.0,98810.0
2020-10-07,8.1,21.1,0.0571428571,4.3,320.0,8.9,75.0,1001.5,112541.5
2020-10-08,7.0,21.1,0.0428571429,5.1,340.0,6.3,68.9,1002.6,146000.0
2020-10-09,7.3,21.6,0.0285714286,4.8,340.0,7.9,71.9,999.3,173012.0
2020-10-10,6.2,21.3,0.0142857143,3.0,320.0,9.1,75.8,995.4,126533.0
2020-10-12,10.2,21.4,0.0,5.9,290.0,10.8,79.6,990.2,258159.0
2020-10-13,6.8,18.2,0.0,6.1,290.0,6.2,70.4,995.2,106465.0
2020-10-14,5.3,17.7,0.0,5.9,320.0,5.4,72.4,999.3,161730.0
2020-10-15,3.2,18.8,0.0,4.4,140.0,2.0,60.1,1000.1,162890.0
2020-10-16,3.4,16.4,0.0,2.2,140.0,5.9,77.0,998.6,77525.0
2020-10-17,4.2,19.0,0.0,5.9,290.0,4.9,72.5,997.9,95450.0
2020-10-19,2.5,20.7,0.0,3.6,140.0,5.0,73.1,1000.1,216156.0
2020-10-20,3.3,21.3,0.0,3.0,290.0,5.2,74.1,1001.5,164369.0
2020-10-21,5.1,16.1,0.0,2.9,320.0,8.1,87.4,995.4,155323.0
2020-10-22,4.7,18.0,0.181818182,7.8,320.0,6.9,79.0,988.5,150537.0
2020-10-23,6.2,13.5,0.363636364,6.8,290.0,-1.2,49.8,988.3,150832.0
2020-10-24,4.5,12.6,0.545454545,8.0,290.0,-3.7,42.4,991.7,104218.0
2020-10-26,0.6,19.3,0.909090909,4.8,320.0,3.3,67.3,994.8,171087.0
2020-10-27,2.1,19.7,1.090909091,4.5,290.0,5.4,71.9,995.9,141613.0
2020-10-28,9.1,19.3,1.272727273,6.2,290.0,4.4,52.4,996.5,164640.0
2020-10-29,0.1,17.2,1.454545455,3.5,320.0,-0.3,56.9,998.3,141102.0
2020-10-30,0.5,18.5,1.636363636,3.1,320.0,2.8,69.8,1000.8,68800.0
2020-10-31,0.8,16.3,1.818181818,3.3,320.0,5.1,80.8,1000.6,98410.0
2020-11-02,0.7,16.0,1.15,5.4,290.0,1.7,67.6,994.7,167388.0
2020-11-03,0.6,8.2,0.3,12.4,290.0,-6.4,44.0,994.0,140371.0
2020-11-04,-1.1,9.3,0.342857143,8.0,290.0,-10.5,37.6,998.7,153100.0
2020-11-05,-4.4,14.9,0.385714286,3.0,140.0,-2.3,58.1,1001.9,128494.0
2020-11-06,6.2,14.7,0.428571429,2.6,320.0,3.2,65.5,997.2,130450.0
2020-11-07,4.6,19.4,0.471428571,8.0,290.0,3.6,60.4,992.7,98380.0
2020-11-09,1.5,10.0,0.557142857,7.1,290.0,-7.6,38.1,999.0,174980.0
2020-11-10,1.8,12.3,0.6,5.9,290.0,-4.2,46.3,1002.1,132902.0
2020-11-11,-2.8,15.0,0.642857143,3.2,320.0,-3.3,61.3,1006.8,99825.0
2020-11-12,-3.4,17.7,0.685714286,3.1,140.0,-2.3,60.3,1005.0,118421.0
2020-11-13,-0.6,17.3,0.728571429,5.2,320.0,1.5,67.4,1003.1,126430.0
2020-11-14,1.3,17.4,0.771428571,3.2,320.0,3.8,76.6,1005.2,50619.0
2020-11-16,2.5,18.0,0.857142857,4.9,320.0,4.3,74.3,1001.7,123420.0
2020-11-17,6.0,18.6,0.9,2.7,160.0,9.8,84.5,1000.7,75855.0
2020-11-18,12.7,19.2,1.3,2.0,290.0,14.3,94.9,994.3,72968.0
2020-11-19,9.7,19.9,32.0,9.2,290.0,12.5,87.4,984.0,65950.0
2020-11-20,-0.4,10.0,22.53333333,8.6,290.0,1.0,76.4,991.9,72264.0
2020-11-21,-2.6,10.4,13.06666667,2.7,320.0,0.9,78.9,999.3,30610.0
2020-11-23,-1.4,6.8,3.704761905,7.9,290.0,-4.8,57.9,1000.6,81520.0
2020-11-24,-2.1,9.0,3.80952381,6.1,140.0,-3.5,66.4,1001.9,49097.0
2020-11-25,-3.0,9.6,3.914285714,6.3,290.0,-2.2,66.6,1000.8,64289.0
2020-11-26,-0.4,12.3,4.019047619,4.8,160.0,0.2,73.4,1000.8,61745.0
2020-11-27,1.4,8.9,4.123809524,8.8,290.0,-2.1,59.9,998.3,41880.0
2020-11-28,-0.9,4.2,4.228571429,7.4,290.0,-8.8,48.9,1001.3,19135.0
2020-11-30,-1.6,4.7,4.438095238,6.8,290.0,-9.2,47.3,1007.2,41760.0
2020-12-01,-7.4,7.7,4.542857143,5.1,160.0,-8.9,55.6,1008.2,52050.0
2020-12-02,-2.6,8.6,4.647619048,6.5,290.0,-6.4,55.3,1003.6,53475.0
2020-12-03,-1.2,5.6,4.752380952,6.9,290.0,-10.7,39.0,1001.9,91483.0
2020-12-04,-8.0,5.3,4.857142857,7.0,290.0,-10.1,52.9,1003.0,72270.0
2020-12-05,-6.3,6.3,4.961904762,6.4,290.0,-5.7,61.3,1003.2,33531.0
2020-12-07,-1.7,7.2,5.171428571,7.1,290.0,-5.1,58.8,1000.8,64866.0
2020-12-08,-6.3,4.9,5.276190476,8.0,290.0,-12.9,39.8,1001.6,98977.0
2020-12-09,-9.5,6.5,5.380952381,5.0,160.0,-10.3,53.9,1000.2,56895.0
2020-12-10,-0.3,8.9,5.485714286,7.1,320.0,-3.1,60.1,996.5,55490.0
2020-12-11,-1.2,9.2,5.59047619,6.9,290.0,-1.7,69.4,993.6,43620.0
2020-12-12,0.6,7.1,5.695238095,6.9,290.0,-7.4,44.8,991.9,32115.0
2020-12-14,-9.0,-4.5,5.272727273,7.4,290.0,-16.5,47.6,999.8,80515.0
2020-12-15,-11.2,-5.3,4.745454545,7.6,290.0,-19.9,39.1,1002.1,31000.0
2020-12-16,-10.2,-4.7,4.218181818,8.8,290.0,-19.7,37.8,1002.2,43040.0
2020-12-17,-14.2,-1.5,3.690909091,7.8,290.0,-17.7,43.6,1003.1,36510.0
2020-12-18,-9.3,1.1,3.163636364,5.45,268.88,5.45,69.97,991.55,55990.0
2020-12-19,-7.6,-1.6,2.636363636,8.3,290.0,-16.2,40.5,1004.4,22720.0
2020-12-21,-8.8,3.1,1.581818182,6.9,290.0,-9.1,58.8,1002.2,51682.0
2020-12-22,-8.1,4.0,1.054545455,7.4,320.0,-5.4,74.8,1000.1,58610.0
2020-12-23,-7.2,7.9,0.527272727,6.1,160.0,-3.3,75.1,997.1,89510.0
2020-12-24,-1.3,7.0,0.0,8.7,290.0,-4.9,61.6,991.1,63195.0
2020-12-25,-6.0,2.2,0.0,9.1,290.0,-11.0,47.6,996.2,46580.0
2020-12-26,-5.6,6.3,0.0,4.9,140.0,-5.7,70.6,999.1,24265.0
2020-12-28,-3.8,9.9,0.0,3.0,320.0,-2.0,78.5,998.1,79088.0
2020-12-29,-4.8,7.8,0.0,7.8,290.0,-3.4,77.8,993.7,74520.0
2020-12-30,-11.4,-0.8,0.0,10.0,290.0,-17.0,51.9,992.7,49600.0
2020-12-31,-14.3,-3.9,0.0,9.5,290.0,-16.4,53.1,997.5,14640.0
2021-01-04,-10.8,2.6,0.0,7.2,320.0,-13.0,47.6,1004.2,91600.0
2021-01-05,-7.5,0.6,0.0,9.5,290.0,-14.1,45.5,1001.0,87801.0
2021-01-06,-12.3,-2.9,0.0,7.7,290.0,-17.5,47.6,996.3,71715.0
2021-01-07,-14.4,-6.5,0.9,11.7,290.0,-24.5,36.6,995.5,80254.0
2021-01-08,-17.0,-9.4,0.72,9.0,290.0,-23.6,40.8,995.0,51440.0
2021-01-09,-15.0,-7.2,0.54,8.0,290.0,-21.3,41.9,995.7,14140.0
2021-01-11,-14.0,-3.6,0.18,2.8,160.0,-13.9,66.0,999.4,73570.0
2021-01-12,-14.6,2.1,0.0,4.1,160.0,-11.1,66.9,991.9,53770.0
2021-01-13,-4.6,8.6,0.02,5.9,270.0,-3.4,67.0,990.1,114460.0
2021-01-14,-3.4,9.3,0.04,7.1,320.0,-8.8,49.5,996.4,86345.0
2021-01-15,-4.5,11.4,0.06,8.9,290.0,-3.4,65.0,991.3,133960.0
2021-01-16,-5.9,4.1,0.08,7.1,290.0,-9.6,56.3,996.6,43272.0
2021-01-18,-10.6,0.7,5.0,10.5,290.0,-9.3,74.4,994.3,137760.0
2021-01-19,-15.6,-1.1,4.0,3.6,320.0,-15.5,58.9,1005.0,95859.0
2021-01-20,-14.4,4.1,3.0,3.1,320.0,-11.5,67.0,1004.7,133952.0
2021-01-21,-8.9,7.1,2.0,2.9,320.0,-4.8,76.6,998.7,148140.0
2021-01-22,1.9,11.0,0.6,2.7,320.0,4.1,92.6,994.2,156135.0
2021-01-23,1.5,9.4,1.075,5.7,140.0,2.3,84.1,995.9,76990.0
2021-01-25,-2.6,10.4,2.025,3.5,320.0,-0.5,82.1,1002.0,193099.0
2021-01-26,0.1,6.4,2.5,5.9,290.0,2.1,87.0,994.0,187433.0
2021-01-27,-2.4,7.4,1.4,6.7,290.0,-6.5,53.0,996.1,143390.0
2021-01-28,-8.1,3.9,0.3,11.9,290.0,-9.7,63.3,989.1,151060.0
2021-01-29,-11.2,-3.9,2.0,11.0,290.0,-20.9,34.1,996.8,107690.0
2021-01-30,-10.3,5.0,3.7,8.2,290.0,-11.5,49.3,999.5,83485.0
2021-02-01,-1.7,8.0,7.1,8.3,290.0,1.3,88.9,990.7,198583.0
2021-02-02,-5.6,3.2,3.55,9.9,290.0,-16.2,39.4,996.2,167555.0
2021-02-03,-8.3,1.0,0.0,7.8,290.0,-14.7,46.0,998.5,139350.0
2021-02-04,-4.1,1.2,0.4,9.6,290.0,-13.6,43.0,998.0,140998.0
2021-02-05,-7.4,6.6,0.39,6.4,160.0,-9.3,49.6,995.4,97863.0
2021-02-06,-3.1,11.0,0.38,6.3,180.0,-3.5,61.5,990.2,70480.0
2021-02-08,-4.2,1.1,0.36,8.5,290.0,-14.4,39.5,998.9,98885.0
2021-02-09,-5.8,3.9,0.35,8.3,290.0,-12.9,39.9,1000.7,18440.0
2021-02-10,-5.5,6.2,0.34,8.2,290.0,-4.7,62.1,999.0,24575.0
2021-02-15,-3.8,8.5,0.3,11.9,320.0,-3.6,65.8,982.9,11740.0
2021-02-16,-7.8,-1.9,0.1,10.1,290.0,-12.9,52.8,988.5,17090.0
2021-02-17,-10.1,-5.3,0.0916666667,10.3,290.0,-18.1,45.4,988.6,26935.0
2021-02-18,-10.8,-2.5,0.0833333333,8.5,290.0,-16.5,45.4,994.0,10320.0
2021-02-19,-7.9,8.5,0.075,9.3,320.0,-7.4,55.8,990.8,21130.0
2021-02-20,-0.9,15.0,0.0666666667,10.0,320.0,-2.5,56.5,984.6,15844.0
2021-02-22,2.8,17.8,0.05,9.3,290.0,-1.0,47.0,987.4,65660.0
2021-02-23,-1.4,7.0,0.0416666667,7.3,290.0,-14.0,29.6,997.6,90949.0
2021-02-24,-3.5,10.6,0.0333333333,3.6,160.0,-8.0,49.8,999.6,75494.0
2021-02-25,-3.8,9.0,0.025,2.6,320.0,-1.7,73.3,998.5,40310.0
2021-02-26,-1.6,12.4,0.0166666667,5.3,320.0,-2.9,62.3,999.1,28200.0
2021-02-27,-1.5,9.5,0.00833333333,5.7,320.0,-2.3,68.3,1005.4,4920.0
2021-03-01,0.4,10.2,77.0,2.9,160.0,5.3,96.4,990.4,39147.0
2021-03-02,-1.6,4.9,3.1,4.6,290.0,-1.6,81.0,998.2,34730.0
2021-03-03,-3.1,7.0,2.05,2.9,140.0,-1.8,81.9,1004.2,49363.0
2021-03-04,-1.7,9.3,1.0,4.6,160.0,1.0,84.3,999.5,49500.0
2021-03-05,0.2,16.2,2.35,5.6,320.0,3.0,78.1,994.9,64035.0
2021-03-06,1.7,10.2,3.7,4.1,110.0,-0.6,72.0,1003.0,19980.0
2021-03-08,-1.9,13.4,6.4,4.4,160.0,-1.5,70.0,1001.6,94610.0
2021-03-09,-0.2,13.9,7.75,7.5,290.0,-1.4,58.9,999.1,50870.0
2021-03-10,-1.6,14.9,9.1,8.1,160.0,-1.3,61.6,1003.2,60214.0
2021-03-11,-1.6,17.1,10.45,3.7,160.0,-0.1,63.1,1000.6,48680.0
2021-03-12,5.2,9.2,11.8,2.8,290.0,4.3,81.8,996.3,36670.0
2021-03-13,-0.2,15.1,8.85,5.4,290.0,2.0,69.0,995.3,8665.0
2021-03-15,0.0,16.9,2.95,4.9,320.0,1.7,62.1,991.1,69153.0
2021-03-16,7.2,16.0,0.0,9.5,290.0,-0.1,49.6,988.1,60712.0
2021-03-17,-0.7,16.7,0.575,4.0,140.0,-0.2,59.9,994.1,55288.0
2021-03-18,2.8,14.8,1.15,2.7,160.0,3.6,71.1,996.3,55060.0
2021-03-19,5.9,15.2,1.725,4.8,160.0,3.1,63.8,996.2,38886.0
2021-03-20,4.1,10.0,2.3,4.9,320.0,6.5,93.4,988.5,15388.0
2021-03-22,1.5,10.5,7.05,8.6,290.0,-6.8,41.6,993.7,58492.0
2021-03-23,-1.2,17.0,14.1,7.6,290.0,-3.6,43.5,995.1,51036.0
2021-03-24,5.0,17.7,21.15,5.8,290.0,-3.0,38.6,994.8,52830.0
2021-03-25,4.3,19.8,28.2,7.2,320.0,0.0,43.3,995.1,52922.0
2021-03-26,2.0,21.7,35.25,3.8,160.0,-1.7,43.8,996.0,50600.0
2021-03-27,5.0,16.2,42.3,2.7,320.0,6.2,80.5,988.3,5275.0
2021-03-29,7.4,15.6,14.21666667,9.6,290.0,-0.4,46.3,981.8,59815.0
2021-03-30,5.6,18.8,21.73333333,6.1,290.0,-4.3,33.1,986.7,39400.0
2021-03-31,0.9,21.6,29.25,3.1,320.0,-0.3,51.5,990.3,38620.0
2021-04-01,3.1,19.9,36.76666667,5.1,320.0,0.3,51.6,996.8,70981.0
2021-04-02,5.4,20.4,44.28333333,3.7,140.0,4.8,55.8,996.8,34400.0
2021-04-03,11.0,17.2,51.8,2.8,180.0,10.8,87.1,989.4,9590.0
2021-04-05,-0.5,17.2,17.975,2.7,320.0,-0.9,61.3,997.1,65570.0
2021-04-06,2.6,19.4,21.15,8.4,290.0,0.0,50.1,994.1,53496.0
2021-04-07,4.9,20.5,24.325,7.9,290.0,-0.2,41.4,993.3,69310.0
2021-04-08,7.8,18.2,27.5,7.0,320.0,-1.0,39.5,992.3,41004.0
2021-04-09,1.8,13.6,30.675,5.3,320.0,1.0,64.6,1001.3,40160.0
2021-04-10,-0.2,17.2,33.85,3.7,320.0,1.2,64.6,1005.9,6480.0
2021-04-12,7.6,14.0,40.2,2.3,320.0,6.3,79.5,995.5,57097.2
2021-04-13,6.2,16.2,6.0,9.6,290.0,5.8,71.8,986.0,37860.0
2021-04-14,4.1,14.7,4.1,8.6,290.0,-3.4,43.6,992.4,67072.0
2021-04-15,0.9,16.9,2.2,6.3,160.0,-1.6,52.0,993.7,46215.0
2021-04-16,3.8,16.5,0.3,6.2,320.0,4.7,70.0,991.5,48650.0
2021-04-17,3.4,15.3,0.0,10.4,320.0,0.0,55.5,988.7,9370.0
2021-04-19,4.4,20.1,0.0,9.5,290.0,0.0,39.4,991.1,90164.2
2021-04-20,8.0,26.3,0.0,8.2,140.0,1.9,38.8,994.8,61020.0
2021-04-21,6.9,27.3,0.0,3.6,320.0,5.2,51.8,997.1,72240.0
2021-04-22,12.1,26.9,0.0,5.1,140.0,5.0,47.0,995.8,45580.0
2021-04-23,10.0,17.8,0.0,3.7,320.0,2.0,45.1,996.9,29870.0
2021-04-24,8.1,22.8,0.0,4.7,160.0,3.0,49.1,995.2,6440.0
2021-04-26,1.3,19.7,0.0,3.9,320.0,0.7,54.9,997.4,42095.0
2021-04-27,6.8,20.3,0.0,4.8,160.0,6.0,60.9,993.3,44480.0
2021-04-28,9.8,20.1,0.0,7.7,320.0,3.3,48.1,990.8,66650.0
2021-04-29,9.2,19.5,0.0,5.8,320.0,4.7,52.5,982.0,14600.0
2021-04-30,8.8,15.3,5.7,8.2,320.0,6.7,75.3,979.4,43180.0
2021-05-01,7.7,11.4,6.8,7.7,320.0,6.6,85.0,979.9,4160.0
2021-05-03,3.7,21.9,11.45,7.4,320.0,3.2,55.9,992.5,63000.0
2021-05-04,8.0,17.4,22.1,2.5,110.0,10.0,81.1,986.8,66645.0
2021-05-05,11.0,19.1,2.9,10.4,290.0,1.9,45.8,986.5,39400.0
2021-05-06,3.2,21.9,2.55,5.3,110.0,3.4,54.0,991.6,45230.0
2021-05-07,6.3,19.1,2.2,9.2,320.0,5.0,60.4,982.3,48495.0
2021-05-08,4.8,23.1,6.9,7.9,250.0,4.8,54.5,979.7,7270.0
2021-05-10,6.8,13.6,16.3,5.6,290.0,8.1,90.8,989.8,88200.0
2021-05-11,8.1,21.1,0.1,4.2,160.0,7.8,71.4,991.5,69501.0
2021-05-12,7.0,23.6,0.4,3.2,320.0,5.2,55.5,989.7,80650.0
2021-05-13,8.4,28.4,0.7,3.1,320.0,10.9,67.0,987.6,37350.0
2021-05-14,11.9,28.3,1.0,3.5,320.0,14.0,70.8,987.9,40550.0
2021-05-15,16.6,20.4,1.3,1.9,320.0,17.5,93.9,984.0,3600.0
2021-05-17,14.1,16.1,9.8,2.8,140.0,14.8,99.3,982.4,37110.0
2021-05-18,13.8,22.2,7.4,4.3,140.0,14.5,87.0,985.8,36210.0
2021-05-19,12.6,27.3,5.0,5.0,140.0,11.9,69.6,987.0,20860.0
2021-05-20,14.0,19.4,2.6,5.4,320.0,12.7,81.1,981.9,16940.0
2021-05-21,12.3,17.6,0.8,5.0,160.0,13.5,91.6,980.6,16290.0
2021-05-22,10.3,23.7,1.2,7.1,290.0,12.5,69.4,985.1,1150.0
2021-05-24,16.2,24.2,2.0,6.6,290.0,9.5,53.5,982.7,30830.0
2021-05-25,8.3,19.1,2.4,9.7,320.0,6.7,68.3,982.5,33740.0
2021-05-26,6.2,20.9,2.6,2.5,320.0,8.5,74.3,984.8,33560.0
2021-05-27,11.4,19.8,2.8,6.5,320.0,11.7,83.8,977.9,37764.0
2021-05-28,8.3,17.9,14.1,8.5,290.0,10.9,91.1,977.5,25140.0
2021-05-29,11.2,22.2,0.0,8.6,290.0,9.8,68.3,981.6,2176.0
2021-05-31,13.4,23.5,3.4,2.8,320.0,14.7,83.0,988.2,51000.0
2021-06-01,13.7,26.4,10.8,4.4,320.0,15.1,77.1,990.4,53480.0
2021-06-02,15.2,28.6,18.2,3.7,320.0,14.5,68.5,989.1,68320.0
2021-06-03,13.9,19.7,25.6,3.2,320.0,16.0,94.9,980.9,64670.0
2021-06-04,12.2,23.8,0.0,7.2,320.0,11.0,67.3,977.2,67110.0
2021-06-05,9.4,27.1,0.05,3.5,320.0,11.5,66.5,977.6,12070.0
2021-06-07,13.7,27.4,0.05,4.6,320.0,14.5,73.1,989.6,65806.0
2021-06-08,16.5,29.4,0.0,2.8,160.0,15.8,68.5,991.4,52150.0
2021-06-09,16.7,29.8,0.3,2.7,140.0,17.5,74.0,991.9,38560.0
2021-06-10,17.0,28.3,0.6,2.9,160.0,16.4,71.5,989.4,49180.0
2021-06-11,18.4,25.2,22.0,3.5,50.0,19.4,92.1,986.9,38170.0
2021-06-12,16.1,29.6,16.775,2.6,180.0,18.6,80.1,988.0,5120.0
2021-06-14,17.6,28.0,6.325,3.2,160.0,18.0,76.8,982.8,25300.0
2021-06-15,18.7,22.7,1.1,2.8,320.0,17.9,87.3,982.0,27300.0
2021-06-16,15.7,26.5,0.0,4.7,140.0,16.3,78.3,982.5,20860.0
2021-06-17,14.9,21.3,0.0,2.2,320.0,15.7,85.4,983.2,32550.0
2021-06-18,17.0,22.9,0.3,6.6,320.0,17.9,88.4,977.6,23190.0
2021-06-19,15.5,29.0,0.15,4.8,70.0,15.2,66.1,976.8,8390.0
2021-06-21,15.8,28.0,0.0,5.3,290.0,15.4,65.6,980.5,45620.0
2021-06-22,16.9,21.9,13.1,3.1,140.0,16.6,89.0,985.9,62660.0
2021-06-23,15.8,21.4,1.5,2.3,160.0,15.8,85.5,987.9,41320.0
2021-06-24,15.7,26.6,0.75,3.7,320.0,17.1,80.0,987.7,43160.0
2021-06-25,17.1,28.5,0.0,3.5,320.0,17.9,79.9,986.9,27550.0
2021-06-26,18.3,25.8,7.4,4.6,320.0,18.3,86.4,986.9,1700.0
2021-06-28,17.7,26.6,2.1,3.7,290.0,18.1,88.4,982.6,51990.0
2021-06-29,16.6,28.0,1.1,2.5,160.0,17.9,78.0,982.4,49440.0
2021-06-30,19.6,26.1,0.1,2.5,320.0,19.5,87.4,984.0,52180.0
2021-07-01,18.9,30.1,18.93333333,3.6,140.0,19.6,77.1,983.6,55060.0
2021-07-02,18.1,28.2,37.76666667,3.3,320.0,18.4,79.5,986.4,22300.0
2021-07-03,18.0,23.4,56.6,4.4,110.0,18.8,90.9,985.2,7110.0
2021-07-05,20.9,25.8,1.2,6.1,140.0,19.3,80.8,985.9,66180.0
2021-07-06,20.5,26.9,1.7,3.3,160.0,22.0,93.5,983.6,34516.0
2021-07-07,20.7,25.9,58.5,2.0,160.0,22.2,94.5,984.2,40870.0
2021-07-08,20.3,27.9,67.2,2.8,160.0,21.6,88.4,982.2,34330.0
2021-07-09,19.8,26.8,33.2,2.8,160.0,21.1,91.0,982.2,28150.0
2021-07-12,19.8,32.3,0.0,4.3,290.0,22.0,85.3,986.9,46990.0
2021-07-13,21.8,32.0,0.1,3.4,160.0,22.9,82.8,987.3,45900.0
2021-07-14,22.3,32.3,0.2,3.1,320.0,23.7,84.9,989.2,54940.0
2021-07-15,21.0,32.6,0.3,5.0,320.0,23.0,90.0,991.6,29552.0
2021-07-16,20.5,32.4,0.15,3.8,160.0,21.7,83.0,991.6,31120.0
2021-07-17,20.6,29.8,0.0,4.6,140.0,21.3,80.9,989.6,12316.0
2021-07-19,21.2,30.6,0.0,2.5,140.0,21.9,82.6,990.3,83024.5
2021-07-20,22.5,31.4,0.0,2.6,320.0,22.2,81.1,991.4,61840.0
2021-07-21,20.1,33.8,0.0428571429,3.1,340.0,20.6,75.4,990.4,63304.0
2021-07-22,19.5,32.9,0.0857142857,3.6,320.0,21.1,77.3,988.7,92220.0
2021-07-23,20.3,33.4,0.128571429,3.2,160.0,21.0,74.8,986.9,79314.5
2021-07-24,20.0,33.2,0.171428571,2.6,320.0,20.7,75.4,985.9,18952.0
2021-07-26,20.2,33.4,0.257142857,2.8,320.0,20.8,75.5,982.5,111415.0
2021-07-27,20.2,33.6,0.3,3.7,160.0,21.4,78.1,980.6,87551.0
2021-07-28,20.9,34.0,0.325,4.3,140.0,21.1,74.0,980.2,101902.0
2021-07-29,20.9,33.7,0.35,3.0,320.0,21.8,77.0,978.9,89903.0
2021-07-30,21.8,32.8,0.375,2.8,340.0,22.7,80.8,977.8,114887.0
2021-07-31,22.6,34.1,0.4,3.5,160.0,23.1,82.1,977.5,22550.0
2021-08-02,22.6,29.9,9.7,5.8,290.0,23.5,89.5,980.5,97161.0
2021-08-03,22.5,31.5,0.0,3.1,160.0,23.4,87.0,984.7,86705.0
2021-08-04,22.6,32.9,0.0,5.3,320.0,23.6,82.6,985.5,83080.0
2021-08-05,22.4,33.7,0.0,4.1,320.0,23.4,81.4,982.8,98584.0
2021-08-06,22.8,34.4,0.0,6.0,160.0,22.8,78.4,980.3,79710.0
2021-08-07,22.0,33.0,0.0,5.3,320.0,22.3,77.4,979.8,21785.0
2021-08-09,19.9,30.9,0.0,6.0,320.0,18.5,69.0,979.7,166105.0
2021-08-10,18.8,26.5,2.2,2.4,290.0,19.6,85.8,985.7,135115.0
2021-08-11,20.1,30.8,1.675,3.6,320.0,20.5,80.4,987.2,119766.0
2021-08-12,20.3,30.6,1.15,4.2,140.0,20.8,82.3,986.7,125047.0
2021-08-13,19.9,28.7,0.625,2.6,320.0,20.1,83.0,983.4,67574.0
2021-08-14,18.0,26.9,0.1,2.5,320.0,19.2,84.9,984.5,50810.0
2021-08-16,17.9,27.4,1.15,3.3,290.0,18.1,78.4,991.6,186210.0
2021-08-17,16.8,28.1,1.7,3.1,320.0,18.2,79.9,986.4,124259.0
2021-08-18,17.7,27.2,0.0,3.0,320.0,18.0,77.1,986.7,121612.0
2021-08-19,17.5,27.9,0.0,3.1,320.0,17.3,75.8,988.3,96481.0
2021-08-20,18.4,29.2,29.55,2.7,320.0,19.2,79.6,989.4,132527.0
2021-08-21,20.8,23.3,59.1,2.7,180.0,21.5,97.5,982.1,76025.0
2021-08-23,18.3,22.5,41.6,2.4,320.0,19.5,97.5,986.7,162924.4
2021-08-24,19.8,24.8,54.9,3.1,320.0,21.8,99.4,978.0,141110.0
2021-08-25,19.5,23.8,50.3,2.8,160.0,20.8,99.4,983.9,102555.0
2021-08-26,18.9,27.7,0.0,2.1,160.0,20.8,93.1,989.1,54525.0
2021-08-27,18.8,22.7,6.9,3.4,320.0,20.3,99.3,989.1,98328.0
2021-08-28,17.3,28.1,7.95,5.0,320.0,18.0,84.5,990.0,86893.0
2021-08-30,16.9,25.2,0.0,3.0,320.0,17.9,88.5,992.1,218715.0
2021-08-31,17.8,24.6,15.1,2.1,290.0,18.9,93.0,991.6,185912.0
2021-09-01,18.0,21.1,111.0,3.2,320.0,19.2,99.8,986.6,174185.0
2021-09-02,17.1,23.8,0.0,2.3,160.0,17.7,86.5,987.2,185355.0
2021-09-03,15.7,25.9,0.0,2.8,320.0,16.8,82.5,986.6,226800.0
2021-09-04,13.3,25.4,0.133333333,3.3,320.0,15.6,83.1,991.9,162285.0
2021-09-06,15.0,25.3,0.4,4.9,320.0,15.6,79.5,994.3,307482.0
2021-09-07,17.1,19.6,30.3,2.5,320.0,18.4,100.0,986.3,253176.0
2021-09-08,16.2,26.6,26.93333333,5.9,290.0,18.2,86.9,986.0,282180.0
2021-09-09,14.2,26.5,23.56666667,2.3,320.0,16.9,87.3,990.3,269106.0
2021-09-10,16.0,26.1,20.2,2.6,320.0,18.4,89.9,989.6,253635.0
2021-09-11,17.5,28.3,16.83333333,2.6,160.0,18.8,87.9,989.0,248570.0
2021-09-13,15.6,25.0,10.1,3.2,320.0,17.3,83.9,994.5,283018.0
2021-09-14,13.5,24.4,6.733333333,4.2,320.0,14.8,81.6,993.2,244371.0
2021-09-15,13.4,26.3,3.366666667,4.8,320.0,14.2,77.9,993.3,253389.0
2021-09-16,12.6,25.2,0.0,4.0,320.0,15.0,78.5,990.2,202860.0
2021-09-17,13.9,19.8,20.2,3.5,320.0,17.1,97.5,986.5,140375.0
2021-09-18,11.5,25.6,18.925,2.8,320.0,15.5,88.1,991.0,59815.0
2021-09-20,14.5,26.2,16.375,4.3,110.0,16.0,77.4,989.7,7500.0
2021-09-24,13.2,24.7,1.8,2.7,320.0,14.8,83.1,999.1,65930.0
2021-09-25,13.8,24.4,1.4,3.9,320.0,15.6,87.4,999.7,145928.0
2021-09-27,12.7,24.2,0.6,2.7,320.0,15.0,82.8,992.9,242393.0
2021-09-28,14.7,23.3,0.0,2.2,320.0,16.9,87.3,990.0,159610.0
2021-09-29,17.9,20.3,19.7,3.6,160.0,18.6,98.6,985.0,157780.0
2021-09-30,13.6,26.6,13.26666667,2.3,320.0,16.6,86.6,984.9,120575.0
2021-10-01,13.7,26.5,6.833333333,6.6,320.0,16.0,85.0,985.2,126070.0
2021-10-02,13.5,25.9,0.4,7.6,290.0,13.9,79.1,990.0,58730.0
2021-10-04,12.4,26.7,0.5,2.6,320.0,16.7,86.9,997.0,195088.0
2021-10-05,14.7,27.5,0.55,6.7,320.0,16.1,79.8,996.8,161080.0
2021-10-06,16.1,21.4,0.6,2.3,290.0,18.1,97.0,996.6,154716.0
2021-10-07,15.9,23.0,0.7,5.4,320.0,16.8,90.1,993.2,131105.0
2021-10-08,15.2,20.8,0.8,1.9,320.0,17.8,97.8,997.3,124978.0
2021-10-09,17.6,25.6,0.0,2.8,140.0,18.9,91.9,998.7,56541.0
2021-10-11,13.0,19.5,15.6,9.6,290.0,13.9,95.3,996.5,159130.0
2021-10-12,13.2,15.1,5.3,1.8,290.0,13.8,99.4,1001.8,94072.0
2021-10-13,13.7,21.8,6.866666667,2.9,320.0,14.1,85.4,1000.6,51315.0
2021-10-14,14.1,23.2,8.433333333,6.5,320.0,13.8,82.6,995.1,96690.0
2021-10-15,14.0,19.8,10.0,1.6,160.0,15.4,94.8,993.6,126540.0
2021-10-16,5.2,16.3,10.7,7.9,290.0,5.2,64.3,995.2,94269.0
2021-10-18,-1.6,15.8,3.566666667,3.1,320.0,1.7,75.3,998.6,228730.0
2021-10-19,4.5,15.5,0.0,6.2,320.0,5.0,77.8,994.1,139810.0
2021-10-20,0.5,15.4,0.0333333333,3.0,320.0,3.2,80.0,996.2,131850.0
2021-10-21,1.1,16.7,0.0666666667,2.9,320.0,3.7,80.3,994.6,141883.4
2021-10-22,1.5,16.3,0.1,5.9,290.0,4.4,82.6,996.7,149094.0
2021-10-23,0.0,17.7,1.435294118,3.5,320.0,2.4,76.0,1003.3,87895.0
2021-10-25,0.5,18.3,4.105882353,6.6,320.0,2.7,72.3,997.7,173838.0
2021-10-26,0.5,18.1,5.441176471,4.9,320.0,4.7,76.5,995.3,178424.0
2021-10-27,6.3,18.6,6.776470588,6.9,290.0,5.2,67.9,994.1,173364.0
2021-10-28,0.9,19.5,8.111764706,2.9,320.0,4.1,73.0,998.7,154080.0
2021-10-29,2.8,17.7,9.447058824,3.2,320.0,5.4,76.4,1001.0,149422.0
2021-10-30,4.1,16.8,10.78235294,2.6,320.0,5.8,81.6,998.9,117780.0
2021-11-01,4.5,16.9,13.45294118,7.4,320.0,6.4,77.8,997.1,185983.0
2021-11-02,3.1,16.8,14.78823529,5.8,290.0,5.5,76.5,995.0,147986.0
2021-11-03,5.6,17.3,16.12352941,5.2,290.0,5.4,73.1,992.9,141690.0
2021-11-04,3.0,18.0,17.45882353,5.8,320.0,5.2,78.3,993.9,107782.0
2021-11-05,1.7,19.4,18.79411765,3.0,320.0,4.3,75.5,995.8,121829.0
2021-11-06,2.8,19.9,20.12941176,2.8,320.0,6.1,78.4,995.9,90460.0
2021-11-08,5.6,13.0,22.8,9.2,320.0,6.2,81.5,985.6,124186.0
2021-11-09,3.5,9.8,2.9,6.9,290.0,2.6,81.8,983.7,114560.0
2021-11-10,2.5,6.6,0.3,8.5,290.0,-0.5,68.4,980.6,140519.0
2021-11-11,3.1,9.6,0.3,8.6,290.0,-1.4,62.8,984.0,111390.0
2021-11-12,2.4,8.1,0.15,9.1,290.0,-4.3,52.1,989.6,120644.0
2021-11-13,-1.4,12.2,0.0,7.9,290.0,0.1,69.0,992.2,50420.0
2021-11-15,1.5,15.5,0.0222222222,5.3,290.0,1.1,65.3,995.2,94600.0
2021-11-16,-0.4,14.3,0.0333333333,5.4,290.0,-0.5,66.0,997.5,119940.0
2021-11-17,-2.8,13.0,0.0444444444,5.2,320.0,-1.9,64.3,997.1,108310.0
2021-11-18,0.6,15.6,0.0555555556,4.9,320.0,2.9,74.3,992.5,110230.0
2021-11-19,6.1,16.4,0.0666666667,6.5,290.0,6.8,81.5,992.1,108280.0
2021-11-20,1.5,16.0,0.0777777778,2.9,320.0,4.9,84.5,994.9,62080.0
2021-11-22,0.2,9.0,0.1,12.0,290.0,-4.2,56.9,986.9,139500.0
2021-11-23,-1.6,2.4,0.0666666667,11.2,268.88,-7.2,56.5,989.1,74830.0
2021-11-24,0.3,7.9,0.0333333333,9.9,290.0,-3.2,60.0,990.1,55330.0
2021-11-25,0.9,11.3,0.0,9.3,290.0,-0.7,63.1,990.9,72890.0
2021-11-26,1.6,8.6,0.0,7.2,290.0,-5.5,48.5,998.7,68390.0
2021-11-27,-3.7,9.9,5.325,4.8,320.0,-5.1,62.3,1006.9,36140.0
2021-11-29,-5.6,11.7,15.975,2.7,320.0,-4.1,66.1,1000.5,55670.0
2021-11-30,-1.8,7.7,21.3,9.4,320.0,0.7,86.8,985.1,41990.0
2021-12-10,-1.4,10.2,0.463636364,6.9,320.0,3.0,86.3,998.7,94190.0
2021-12-11,2.3,11.4,0.372727273,9.0,320.0,3.1,76.4,998.4,26640.0
2021-12-13,-7.9,2.4,0.190909091,7.5,290.0,-13.4,44.6,999.1,119980.0
2021-12-14,-7.7,6.5,0.1,7.9,160.0,-5.1,66.3,994.8,74340.0
2021-12-15,0.3,8.0,0.2,3.9,320.0,2.4,89.0,994.2,85380.0
2021-12-16,-0.7,10.6,0.325,7.3,290.0,-1.1,65.1,991.3,89810.0
2021-12-17,-9.7,6.6,0.45,12.3,290.0,-14.9,40.4,993.0,80935.0
2021-12-18,-12.3,-0.1,0.575,11.1,290.0,-14.5,51.4,997.5,21260.0
2021-12-20,-2.8,9.5,0.66,4.2,320.0,-2.1,66.4,991.2,63100.0
2021-12-21,2.5,11.5,0.62,9.0,290.0,0.5,67.0,989.8,83460.0
2021-12-22,-5.2,9.0,0.58,6.6,140.0,-6.0,57.6,995.6,90210.0
2021-12-23,-7.4,8.2,0.54,4.9,320.0,-6.1,65.9,997.5,80130.0
2021-12-24,-3.9,7.8,0.5,7.9,320.0,-3.7,72.0,994.4,47270.0
2021-12-25,-11.5,-0.9,0.46,10.1,290.0,-18.4,44.5,1000.0,12900.0
2021-12-27,-11.6,-1.5,0.38,10.2,290.0,-14.3,51.9,1001.3,45220.0
2021-12-28,-9.3,3.9,0.34,7.9,320.0,-7.3,61.8,999.9,38440.0
2021-12-29,-3.7,5.2,0.3,10.2,320.0,-3.2,72.8,992.3,40730.0
2021-12-30,-5.3,0.5,0.225,10.2,290.0,-12.4,48.4,995.3,50730.0
2021-12-31,-7.8,-2.3,0.15,9.5,290.0,-19.5,33.1,1000.9,13330.0
2022-01-03,-12.1,1.2,0.0,9.3,290.0,-11.0,60.5,997.8,52410.0
2022-01-04,-7.7,4.0,0.0,7.5,290.0,-11.2,46.5,998.7,145860.0
2022-01-05,-11.1,4.6,0.0,2.5,320.0,-8.5,63.6,1000.3,145090.0
2022-01-06,-5.9,4.9,0.0,7.9,320.0,-10.6,48.0,999.7,123650.0
2022-01-07,-11.6,5.6,0.0,6.1,320.0,-13.2,49.9,1001.7,137295.0
2022-01-08,-10.9,4.1,0.0,9.1,320.0,-8.1,61.1,996.6,82760.0
2022-01-10,-8.5,6.3,0.0,8.3,320.0,-6.3,68.4,992.8,227030.0
2022-01-11,-8.1,0.5,0.0,9.0,290.0,-13.2,51.4,989.9,122320.0
2022-01-12,-10.7,-2.4,0.0,9.1,290.0,-16.8,45.5,993.3,155590.0
2022-01-13,-8.1,-2.6,0.0,10.3,290.0,-17.4,39.5,991.3,134380.0
2022-01-14,-12.6,1.2,0.0,8.7,140.0,-17.0,42.9,997.1,194175.0
2022-01-15,-10.7,5.2,0.0,5.7,160.0,-9.6,56.5,995.5,121470.0
2022-01-17,-7.6,0.2,0.0,9.9,290.0,-13.1,51.0,997.7,290970.0
2022-01-18,-9.2,0.3,0.0,7.2,290.0,-16.7,39.9,999.4,193870.0
2022-01-19,-11.4,0.7,0.0,7.6,160.0,-12.2,57.8,996.3,138935.0
2022-01-20,-7.8,3.6,0.183333333,7.2,320.0,-12.3,51.4,999.9,157490.0
2022-01-21,-12.5,4.8,0.366666667,3.6,320.0,-13.8,55.3,1003.2,174685.0
2022-01-22,-9.5,6.8,0.55,2.5,320.0,-6.9,65.0,999.7,113650.0
2022-01-24,-3.3,5.3,0.916666667,4.1,320.0,-4.0,69.5,996.5,213135.0
2022-01-25,-1.0,2.6,1.1,5.6,320.0,-1.4,88.5,994.8,150910.0
2022-01-26,-1.4,5.7,0.985714286,6.3,290.0,-5.1,58.5,996.5,99230.0
2022-01-27,-7.4,6.9,0.871428571,6.2,290.0,-9.3,51.6,996.2,41772.0
2022-01-28,-4.1,3.9,0.757142857,8.3,290.0,-11.9,44.1,995.6,26120.0
2022-01-29,-5.4,2.1,0.642857143,7.5,290.0,-14.0,40.3,992.9,3165.0
2022-01-30,-10.9,4.4,0.528571429,8.2,290.0,-14.5,41.1,993.5,2000.0
2022-02-04,-6.1,0.5,0.230769231,11.0,290.0,-14.6,42.9,995.3,14640.0
2022-02-05,-9.5,-1.7,0.207692308,10.3,290.0,-16.7,44.8,996.2,22945.0
2022-02-07,-8.4,2.0,0.161538462,6.9,290.0,-13.8,42.5,999.9,26800.0
2022-02-08,-9.0,4.6,0.138461538,6.5,290.0,-12.3,47.5,999.6,20650.0
2022-02-09,-11.0,7.5,0.115384615,3.3,320.0,-10.1,53.5,998.4,39720.0
2022-02-10,-3.4,8.1,0.0923076923,6.9,290.0,-9.9,45.4,995.1,32600.0
2022-02-11,-9.0,9.5,0.0692307692,7.0,320.0,-9.5,47.6,998.6,49260.0
2022-02-12,-4.7,10.6,0.0461538462,3.4,320.0,-8.6,50.1,998.1,8220.0
2022-02-14,-4.4,10.0,0.0,9.3,320.0,-3.0,69.5,992.8,46600.0
2022-02-15,-6.7,0.1,0.0,9.9,290.0,-11.2,55.0,991.7,36150.0
2022-02-16,-8.7,-2.9,0.0,11.1,290.0,-17.4,43.1,993.3,47630.0
2022-02-17,-10.6,0.0,0.0,8.2,290.0,-18.4,40.3,999.2,38150.0
2022-02-18,-13.5,5.3,0.0,3.5,320.0,-14.2,48.1,1002.6,37280.0
2022-02-19,-5.0,3.2,0.0,8.0,290.0,-11.7,44.6,994.8,10140.0
2022-02-21,-6.1,3.6,0.0,8.0,290.0,-12.5,44.0,999.2,48590.0
2022-02-22,-6.4,0.7,0.48,9.7,290.0,-15.2,40.6,1002.1,60010.0
2022-02-23,-9.1,0.2,0.96,7.7,290.0,-18.5,35.3,1003.4,53010.0
2022-02-24,-11.1,2.5,1.44,9.7,290.0,-16.0,37.1,1001.7,46210.0
2022-02-25,-3.9,7.8,1.92,9.8,290.0,-5.6,53.0,998.9,69490.0
2022-02-26,-3.0,12.9,2.4,8.6,320.0,-4.1,56.4,991.1,11750.0
2022-02-28,-4.1,11.5,1.0,6.9,320.0,-5.1,54.0,994.6,76990.0
2022-03-01,-2.4,11.5,0.3,9.0,320.0,-0.3,70.6,987.6,42870.0
2022-03-02,-3.2,9.0,3.433333333,8.4,290.0,-6.9,48.8,989.7,70860.0
2022-03-03,-1.4,11.7,6.566666667,8.5,320.0,-6.7,47.0,991.0,71300.0
2022-03-04,-4.5,14.6,9.7,5.9,320.0,-5.0,45.9,986.2,72810.0
2022-03-05,-0.3,10.0,12.83333333,12.9,290.0,-11.1,36.4,985.9,19710.0
2022-03-07,-6.7,10.5,19.1,6.2,290.0,-11.6,39.1,993.5,96765.0
2022-03-08,-5.0,13.3,22.23333333,8.5,320.0,-6.7,47.0,992.1,52050.0
2022-03-09,-3.1,15.4,25.36666667,5.1,140.0,-4.3,51.4,995.0,58375.0
2022-03-10,-1.7,16.5,28.5,7.3,320.0,-4.8,50.3,994.4,67840.0
2022-03-11,-1.7,17.6,31.63333333,8.1,320.0,0.9,54.6,991.8,68260.0
2022-03-12,2.5,18.4,34.76666667,3.6,180.0,6.7,72.4,990.0,22000.0
2022-03-14,6.3,10.5,6.2,11.1,290.0,6.8,92.4,985.8,91710.0
2022-03-15,2.8,15.0,5.533333333,9.1,290.0,2.6,69.5,987.3,74750.0
2022-03-16,1.1,18.4,4.866666667,7.6,140.0,1.6,56.4,989.6,99640.0
2022-03-17,4.2,11.3,4.2,3.7,140.0,3.8,79.8,995.0,80302.0
2022-03-18,2.6,7.2,7.2,3.9,160.0,2.0,85.4,986.2,71180.0
2022-03-19,0.3,4.3,10.1,2.7,290.0,2.0,97.5,983.7,15270.0
2022-03-21,-2.2,10.3,3.18,5.6,290.0,-3.7,54.8,996.6,97230.0
2022-03-22,0.6,12.9,6.36,4.2,320.0,-5.1,46.9,994.9,93210.0
2022-03-23,-0.9,8.9,9.54,7.6,320.0,-2.0,66.6,991.7,45410.0
2022-03-24,-0.6,10.8,12.72,4.2,320.0,0.2,71.6,995.5,45040.0
2022-03-25,1.1,16.5,15.9,3.8,320.0,4.1,73.0,993.7,62950.0
2022-03-26,9.7,14.0,39.2,9.5,320.0,9.3,89.9,979.2,21940.0
2022-03-28,-2.3,13.7,19.65,4.1,320.0,-5.8,48.3,1001.5,89730.0
2022-03-29,-1.6,17.9,9.875,4.6,290.0,-0.4,60.4,1000.5,92530.0
2022-03-30,0.6,17.7,0.1,5.4,320.0,4.4,68.0,995.5,53480.0
2022-03-31,2.3,12.6,3.2,4.2,160.0,4.6,83.0,998.6,57220.0
2022-04-01,-0.8,13.0,3.892307692,3.3,140.0,0.7,74.6,1003.2,66390.0
2022-04-02,-0.8,15.0,4.584615385,5.8,320.0,-2.4,57.0,1000.9,7630.0
2022-04-04,-0.3,18.2,5.969230769,8.0,320.0,-3.1,47.6,1001.0,88290.0
2022-04-05,-0.3,18.1,6.661538462,8.7,290.0,-5.2,35.6,995.5,89420.0
2022-04-06,6.0,19.6,7.353846154,9.0,290.0,-2.9,34.6,994.3,77600.0
2022-04-07,7.3,17.4,8.046153846,10.5,290.0,-2.4,37.0,991.1,84880.0
2022-04-08,-0.1,20.7,8.738461538,8.4,320.0,-1.7,45.9,993.6,66420.0
2022-04-09,4.5,25.9,9.430769231,7.0,320.0,3.1,44.5,990.1,17230.0
2022-04-11,9.5,27.0,10.81538462,6.1,320.0,7.6,51.6,988.1,97470.0
2022-04-12,10.1,28.6,11.50769231,5.0,160.0,10.8,61.8,985.3,62210.0
2022-04-13,6.4,20.5,12.2,6.5,70.0,8.0,81.1,990.9,67150.0
2022-04-14,6.1,9.9,5.2,2.4,110.0,5.3,83.6,994.1,44960.0
2022-04-15,5.4,17.7,0.0,4.2,140.0,3.9,68.8,992.2,46900.0
2022-04-16,1.4,18.4,0.15,7.3,320.0,-0.4,53.8,991.6,27300.0
2022-04-18,9.4,20.9,0.45,6.1,320.0,-1.5,31.8,992.2,74360.0
2022-04-19,4.0,22.5,0.6,7.6,320.0,-0.9,39.5,991.6,88280.0
2022-04-20,4.2,23.7,0.75,7.2,290.0,0.1,40.3,990.1,57005.0
2022-04-21,4.5,19.3,0.9,5.0,320.0,2.6,58.3,987.7,78045.0
2022-04-22,4.7,24.3,1.05,6.7,320.0,8.6,67.3,985.2,82780.0
2022-04-23,11.1,24.1,1.2,6.7,140.0,7.1,56.9,987.6,19500.0
2022-04-25,12.8,26.2,1.5,7.7,320.0,11.5,64.0,986.5,76300.0
2022-04-26,13.9,22.6,24.6,7.5,320.0,14.5,82.6,978.3,48330.0
2022-04-27,9.9,21.6,19.0,6.6,160.0,6.7,57.0,989.6,68140.0
2022-04-28,7.7,21.9,13.4,4.2,160.0,8.0,69.0,992.5,59740.0
2022-04-29,7.1,13.7,7.8,3.0,20.0,5.1,69.5,991.8,67040.0
2022-04-30,8.3,16.8,5.2,7.2,320.0,5.1,63.8,992.1,16960.0
2022-05-02,5.1,17.9,0.0,7.2,320.0,3.2,63.0,988.7,130250.0
2022-05-03,1.7,21.4,0.05,7.2,320.0,1.7,54.5,993.5,59070.0
2022-05-04,6.0,25.5,0.1,8.7,320.0,5.0,48.6,993.5,71300.0
2022-05-05,7.5,26.7,0.15,6.1,290.0,6.1,54.1,993.1,58135.0
2022-05-06,7.7,25.9,0.2,7.4,290.0,9.6,60.3,990.9,42520.0
2022-05-07,10.4,22.6,0.25,7.6,320.0,8.6,59.6,991.9,6260.0
2022-05-09,8.6,23.9,0.7,4.4,110.0,3.3,53.8,993.9,49590.0
2022-05-10,5.6,23.5,0.925,3.9,320.0,2.4,51.0,992.5,61270.0
2022-05-11,8.6,24.6,1.15,3.9,140.0,7.5,52.6,990.0,42640.0
2022-05-12,13.9,24.9,1.375,5.6,160.0,11.8,63.5,986.6,47470.0
2022-05-13,12.2,19.3,1.6,2.4,140.0,12.7,87.4,983.6,29890.0
2022-05-14,12.0,20.5,1.2,10.4,320.0,3.1,47.0,986.3,4050.0
2022-05-16,6.7,23.1,0.4,7.8,320.0,2.1,44.8,986.8,56380.0
2022-05-17,6.6,26.4,0.0,5.5,320.0,6.3,58.8,989.1,36910.0
2022-05-18,8.6,27.3,0.0,6.0,320.0,7.0,52.1,991.6,46510.0
2022-05-19,12.1,25.1,0.0,6.7,320.0,4.6,40.4,991.9,47205.0
2022-05-20,15.1,26.9,0.0,7.3,320.0,6.7,43.6,988.3,42380.0
2022-05-21,13.7,26.3,0.0,6.1,290.0,11.6,57.4,983.8,6150.0
2022-05-23,12.1,30.2,0.0,6.2,290.0,12.9,63.5,987.2,55610.0
2022-05-24,17.3,31.4,0.0,7.0,320.0,10.5,44.9,988.3,41510.0
2022-05-25,12.9,30.2,0.0,6.1,290.0,12.1,57.1,983.2,46730.0
2022-05-26,14.3,24.1,1.2,7.5,290.0,7.9,53.3,979.2,39780.0
2022-05-27,12.4,24.1,0.9,8.0,270.0,8.9,54.4,976.1,33870.0
2022-05-28,9.8,29.7,0.6,5.8,320.0,10.0,56.3,981.0,9000.0
2022-05-30,16.0,26.2,0.0,7.2,320.0,12.8,61.5,977.4,53490.0
2022-05-31,15.4,27.4,1.266666667,6.5,290.0,6.9,42.8,982.6,29040.0
2022-06-01,11.7,30.9,2.533333333,6.1,320.0,5.6,38.4,981.3,30400.0
2022-06-02,11.2,29.0,3.8,8.2,290.0,8.1,44.8,982.2,28910.0
2022-06-03,15.3,31.1,5.066666667,6.4,140.0,12.7,57.3,986.0,48279.0
2022-06-04,14.1,26.9,6.333333333,2.7,160.0,13.2,64.4,987.4,1800.0
2022-06-06,11.2,21.0,4.7,4.9,320.0,13.5,83.6,977.0,57620.0
2022-06-07,9.1,21.6,2.2,3.2,320.0,11.3,82.6,984.1,40018.0
2022-06-08,12.8,21.4,1.1,2.5,270.0,12.8,81.4,988.0,46320.0
2022-06-09,14.0,24.0,0.0,2.4,140.0,14.1,79.6,989.3,54780.0
2022-06-10,12.5,28.0,0.0,3.4,180.0,14.7,70.1,989.2,31140.0
2022-06-11,16.5,28.1,0.0,5.9,320.0,14.9,71.0,988.5,3000.0
2022-06-13,14.9,26.0,3.933333333,5.5,110.0,12.2,67.3,987.1,73860.0
2022-06-14,13.7,19.1,5.9,3.5,140.0,13.5,87.1,985.8,54270.0
2022-06-15,13.6,19.4,5.9,1.9,290.0,15.6,96.5,982.6,39980.0
2022-06-16,13.8,23.3,8.7625,6.9,320.0,14.6,79.9,983.3,46530.0
2022-06-17,12.0,30.3,11.625,6.4,290.0,15.4,68.8,983.4,50890.0
2022-06-18,19.0,31.2,14.4875,5.8,290.0,18.2,67.3,982.5,5310.0
2022-06-20,19.2,32.3,20.2125,3.9,360.0,19.1,68.9,980.1,69300.0
2022-06-21,19.4,34.7,23.075,3.5,340.0,18.8,67.3,979.4,55750.0
2022-06-22,19.9,34.6,25.9375,5.5,290.0,19.2,65.8,982.3,40260.0
2022-06-23,19.9,27.0,28.8,4.2,180.0,21.6,91.1,977.7,21590.0
2022-06-24,21.5,28.7,12.4,7.7,320.0,19.9,74.8,973.5,26200.0
2022-06-25,17.5,31.6,1.2,4.4,290.0,19.7,76.3,980.9,3000.0
2022-06-27,22.1,27.2,39.0,3.6,140.0,23.3,94.5,985.3,41960.0
2022-06-28,23.2,30.0,21.0,4.0,180.0,22.6,81.3,981.1,12430.0
2022-06-29,23.7,31.9,3.0,3.7,160.0,22.9,82.4,981.9,10460.0
2022-06-30,20.9,27.0,23.4,5.2,160.0,22.8,95.6,987.3,13170.0
2022-07-01,20.6,32.4,18.98,3.6,290.0,22.5,84.5,990.4,8460.0
2022-07-02,20.5,34.1,14.56,2.5,160.0,20.8,72.4,988.8,2880.0
2022-07-04,22.8,33.7,5.72,4.5,160.0,22.3,76.5,982.0,27540.0
2022-07-05,22.9,33.0,1.3,3.0,180.0,22.9,80.4,981.6,10365.0
2022-07-06,23.5,31.4,0.0,2.2,140.0,23.0,81.8,984.8,17220.0
2022-07-07,23.9,31.1,12.4,3.0,290.0,24.4,90.1,983.5,18570.0
2022-07-08,24.1,30.2,7.7,5.4,320.0,22.8,81.3,978.6,12015.0
2022-07-09,24.5,31.1,6.65,6.5,290.0,22.1,75.0,978.0,2420.0
2022-07-11,22.2,26.6,13.3,4.3,160.0,22.7,93.3,982.3,36490.0
2022-07-12,22.3,28.4,46.65,3.0,140.0,20.8,80.0,984.7,19260.0
2022-07-13,21.1,23.1,80.0,3.3,160.0,20.8,93.9,981.0,36240.0
2022-07-14,21.2,28.2,0.4,6.7,320.0,21.7,85.1,975.8,12250.0
2022-07-15,21.2,30.0,0.2,5.4,320.0,19.2,70.8,975.5,51890.0
2022-07-16,18.6,29.0,0.0,6.2,320.0,19.9,86.6,974.9,16590.0
2022-07-18,19.6,24.6,6.0,2.6,140.0,20.8,95.6,976.5,60015.0
2022-07-19,19.5,31.1,3.0,5.9,290.0,20.3,77.6,978.1,34240.0
2022-07-20,21.2,30.5,0.0,5.7,290.0,20.8,75.8,982.0,79368.0
2022-07-21,20.6,24.6,25.9,7.7,320.0,21.7,98.6,977.7,64760.0
2022-07-22,21.1,27.9,3.7,5.4,320.0,20.4,87.1,981.4,46010.0
2022-07-23,20.5,26.5,4.5,1.9,140.0,21.1,90.1,982.0,49305.0
2022-07-25,21.2,31.5,15.225,4.6,290.0,21.5,79.3,984.3,98785.0
2022-07-26,20.6,32.3,10.15,2.4,160.0,21.3,77.5,986.2,103005.0
2022-07-27,20.5,29.7,5.075,3.3,290.0,20.5,80.3,987.5,90865.0
2022-07-28,21.5,27.9,0.0,2.9,320.0,22.0,86.0,988.7,94490.0
2022-07-29,23.1,33.6,2.3,4.7,290.0,23.4,84.3,989.4,100860.0
2022-07-30,22.0,30.3,10.3,3.3,20.0,23.0,82.6,987.1,23685.0
2022-08-01,23.5,29.6,4.8,2.5,160.0,24.3,95.3,984.2,90415.0
2022-08-02,24.1,30.4,2.5,3.2,50.0,25.3,97.4,985.8,51535.0
2022-08-03,23.5,28.8,0.0,6.7,320.0,23.9,91.9,986.4,49560.0
2022-08-04,22.6,32.2,0.0,6.1,290.0,22.6,78.3,985.3,97650.0
2022-08-05,22.7,32.3,5.2,5.8,180.0,24.2,86.4,982.4,119705.0
2022-08-06,23.6,32.9,3.7,5.3,290.0,23.8,80.9,982.2,32725.0
2022-08-08,24.2,29.6,0.7,3.0,180.0,24.0,90.9,983.4,179510.0
2022-08-09,23.6,28.4,18.0,2.9,110.0,24.1,93.3,983.1,97730.0
2022-08-10,23.1,25.2,93.8,2.6,50.0,23.8,100.0,982.3,92720.0
2022-08-11,22.8,24.3,55.5,2.5,20.0,23.4,100.0,980.7,60935.0
2022-08-12,21.7,31.8,0.2,5.1,320.0,22.4,84.5,982.0,41940.0
2022-08-13,20.5,27.4,6.3,1.9,160.0,23.1,96.4,982.7,46160.0
2022-08-15,22.6,31.3,1.4,4.6,200.0,22.8,82.4,978.3,144787.0
2022-08-16,21.7,30.3,2.1,4.0,110.0,22.4,87.9,979.8,138979.0
2022-08-17,20.7,29.1,4.3,3.2,320.0,21.4,85.5,982.7,144577.0
2022-08-18,18.8,28.3,2.15,2.9,180.0,20.3,86.8,983.6,109375.0
2022-08-19,17.9,27.6,0.0,2.1,50.0,21.3,90.8,979.7,114510.0
2022-08-20,21.7,30.9,82.0,4.7,160.0,23.4,91.8,978.6,105865.0
2022-08-22,17.1,30.2,29.0,5.0,320.0,19.9,81.4,981.0,275065.0
2022-08-23,21.3,25.7,2.5,5.7,320.0,21.6,93.9,982.4,198160.0
2022-08-24,18.7,23.6,0.1,2.4,320.0,18.5,87.1,985.3,173945.0
2022-08-25,17.1,24.9,0.0,6.2,320.0,17.5,80.0,983.2,182315.0
2022-08-26,16.4,28.1,0.8,5.1,320.0,16.4,68.8,982.6,239155.0
2022-08-27,14.6,25.4,1.6,6.2,290.0,12.9,63.4,984.9,221320.0
2022-08-29,15.6,20.9,3.2,2.3,320.0,16.6,91.9,992.3,370873.0
2022-08-30,16.5,20.0,51.5,2.1,290.0,18.4,100.0,987.6,240058.0
2022-08-31,18.2,23.3,21.1,2.4,290.0,19.2,96.6,984.3,273521.0
2022-09-01,16.2,25.4,10.6,2.3,320.0,17.8,91.1,989.8,287001.0
2022-09-02,14.4,27.0,0.1,4.6,320.0,16.3,81.0,992.7,280610.0
2022-09-03,16.9,25.1,0.1,4.5,320.0,16.7,79.9,991.8,269801.0
2022-09-04,18.6,24.3,0.0,3.1,290.0,20.3,92.4,987.3,4945.0
2022-09-05,20.6,25.7,42.3,2.1,320.0,22.5,99.3,981.8,381925.0
2022-09-06,18.1,24.0,33.5,12.8,320.0,16.1,76.9,978.2,262230.0
2022-09-07,12.5,26.5,27.93333333,5.4,290.0,13.4,71.0,992.2,220815.0
2022-09-08,11.4,27.9,22.36666667,2.6,320.0,14.7,78.6,993.8,65880.0
2022-09-09,13.3,27.9,16.8,3.2,320.0,14.2,76.9,994.1,3600.0
2022-09-13,18.4,26.9,0.075,2.8,140.0,19.0,86.4,992.3,22745.0
2022-09-14,16.8,28.7,0.05,4.6,320.0,15.2,70.6,993.2,107190.0
2022-09-15,16.1,28.0,0.025,3.2,320.0,16.8,77.4,989.5,80475.0
2022-09-16,18.6,25.2,0.0,2.4,290.0,19.9,94.4,986.4,88510.0
2022-09-17,20.9,30.7,0.0,2.7,320.0,22.1,86.3,984.5,29680.0
2022-09-19,14.1,28.5,0.328571429,6.4,320.0,15.7,68.1,976.0,104362.0
2022-09-20,10.7,22.0,0.657142857,3.4,290.0,10.5,74.4,989.3,70235.0
2022-09-21,8.3,22.4,0.985714286,3.1,320.0,9.2,76.3,993.8,56270.0
2022-09-22,8.3,23.2,1.314285714,2.6,320.0,11.2,79.3,991.4,48570.0
2022-09-23,11.7,25.8,1.642857143,9.4,320.0,11.7,73.6,987.9,58620.0
2022-09-24,11.8,22.1,1.971428571,5.8,290.0,8.7,64.5,991.5,41775.0
2022-09-26,10.8,23.1,2.628571429,2.8,320.0,12.8,84.9,992.4,121337.0
2022-09-27,10.6,25.7,2.957142857,2.8,320.0,12.3,78.3,991.7,144705.0
2022-09-28,10.1,24.1,3.285714286,2.6,140.0,13.6,87.1,989.7,130400.0
2022-09-29,8.7,25.7,3.614285714,2.5,320.0,13.5,87.9,990.1,91980.0
2022-09-30,9.5,27.2,3.942857143,3.3,320.0,11.5,76.4,991.6,129350.0
2022-10-01,6.4,26.8,4.271428571,3.0,320.0,10.2,71.6,993.3,63715.0
2022-10-03,17.0,21.4,6.3,2.1,90.0,18.8,99.8,989.7,154515.0
2022-10-04,13.0,24.0,37.5,7.0,160.0,17.7,95.9,987.8,104150.0
2022-10-05,12.0,18.7,18.85,2.5,290.0,11.4,83.8,995.6,97564.0
2022-10-06,12.1,20.2,0.2,2.4,290.0,12.4,84.9,993.8,109195.0
2022-10-07,9.9,17.4,0.6,6.9,290.0,11.0,83.1,994.1,134292.0
2022-10-08,6.5,18.9,3.05,3.7,320.0,8.2,79.4,1000.1,45500.0
2022-10-10,7.0,13.0,3.6,9.6,290.0,4.5,71.3,987.3,175675.0
2022-10-11,5.1,15.4,3.323076923,8.1,290.0,4.2,71.0,995.2,146622.5
2022-10-12,2.6,20.0,3.046153846,3.7,320.0,7.2,81.5,1001.9,144409.0
2022-10-13,6.8,21.3,2.769230769,2.9,320.0,9.4,82.6,1000.3,146935.0
2022-10-14,6.2,20.2,2.492307692,2.8,320.0,10.5,87.1,995.9,183430.0
2022-10-15,8.8,23.5,2.215384615,3.0,320.0,12.4,81.4,994.6,73610.0
2022-10-17,7.4,17.0,1.661538462,8.8,290.0,2.5,51.9,992.2,149560.0
2022-10-18,0.5,14.3,1.384615385,6.7,268.88,5.45,69.97,991.55,153785.0
2022-10-19,-1.1,15.1,1.107692308,6.5,290.0,0.3,70.3,999.9,167715.0
2022-10-20,-1.3,19.5,0.830769231,2.6,140.0,3.0,73.5,1001.8,132298.0
2022-10-21,3.3,18.6,0.553846154,4.8,320.0,5.1,69.6,998.9,112540.0
2022-10-22,7.1,20.2,0.276923077,6.4,290.0,5.2,59.9,994.9,67330.0
2022-10-24,1.5,15.1,0.195,6.3,320.0,2.2,71.1,995.3,137200.0
2022-10-25,1.3,15.5,0.39,3.5,320.0,2.6,73.4,1002.8,184156.0
2022-10-26,0.8,17.7,0.585,4.6,320.0,3.6,74.9,1002.5,158556.0
2022-10-27,2.4,20.2,0.78,5.9,320.0,5.3,74.3,999.6,126390.0
2022-10-28,3.9,18.6,0.975,3.2,140.0,7.5,81.1,1001.5,140002.5
2022-10-29,5.7,18.3,1.17,2.5,320.0,8.0,81.3,1002.0,53600.0
2022-10-31,5.7,18.2,1.56,3.2,320.0,6.5,79.9,999.7,173435.0
2022-11-01,3.7,19.3,1.755,5.2,290.0,6.2,76.0,996.3,133040.0
2022-11-02,1.5,19.4,1.95,5.3,320.0,2.3,68.5,995.0,134320.0
2022-11-03,0.9,16.1,2.145,6.6,320.0,1.3,64.5,993.1,134270.0
2022-11-04,3.1,10.3,2.34,7.3,290.0,-6.7,40.1,995.6,114415.0
2022-11-05,-4.7,12.4,2.535,6.6,290.0,-7.0,47.9,998.8,55570.0
2022-11-07,-1.7,16.5,2.925,5.7,320.0,0.1,67.5,997.8,147750.0
2022-11-08,0.6,17.2,3.12,5.4,320.0,2.5,74.1,999.2,103993.0
2022-11-09,-0.1,16.6,3.315,5.0,320.0,3.4,71.0,999.5,111480.0
2022-11-10,2.3,18.8,3.51,3.2,160.0,4.7,75.8,999.5,98270.0
2022-11-11,4.4,19.4,3.705,2.8,320.0,7.3,80.9,1001.3,108569.0
2022-11-12,4.6,20.0,3.9,2.3,320.0,10.0,85.6,993.1,69275.0
2022-11-14,6.5,12.3,12.5,7.4,320.0,4.2,69.6,992.5,129040.0
2022-11-15,-0.1,11.4,0.0,5.9,290.0,2.1,74.9,991.6,109650.0
2022-11-16,1.0,12.8,0.314285714,7.3,290.0,0.6,68.3,994.5,116950.0
2022-11-17,0.7,15.2,0.628571429,2.5,320.0,1.1,75.3,998.5,71995.0
2022-11-18,-1.3,17.7,0.942857143,3.6,320.0,1.2,73.1,1001.0,128580.0
2022-11-19,1.4,16.6,1.257142857,3.6,320.0,5.3,76.6,998.6,37870.0
2022-11-21,1.3,17.8,1.885714286,6.1,290.0,4.9,75.8,995.9,93600.0
2022-11-22,5.3,14.9,2.2,3.4,290.0,6.5,80.5,995.6,65960.0
2022-11-23,6.3,15.1,4.1,7.1,290.0,6.4,75.6,991.4,91530.0
2022-11-24,1.0,13.1,4.68,3.0,160.0,2.2,83.9,995.6,71900.0
2022-11-25,-1.4,13.9,5.26,2.9,320.0,1.4,81.5,993.3,75420.0
2022-11-26,1.2,13.5,5.84,9.8,290.0,-2.7,51.3,991.1,42000.0
2022-11-28,-1.7,13.1,7.0,2.8,320.0,4.1,83.6,992.0,93740.0
2022-11-29,2.9,15.2,13.6,8.4,290.0,3.6,67.9,988.5,54008.0
2022-11-30,-6.0,2.9,11.68571429,9.1,290.0,-15.7,38.4,1001.9,52036.0
2022-12-01,-7.6,-0.1,9.771428571,7.0,290.0,-14.8,43.4,1003.6,30820.0
2022-12-02,-9.0,2.4,7.857142857,7.6,290.0,-10.7,57.8,1003.0,27410.0
2022-12-03,-5.9,4.7,5.942857143,5.9,290.0,-4.1,71.0,999.4,9620.0
2022-12-05,-4.0,3.9,2.114285714,8.4,290.0,-15.2,34.4,1000.9,74905.0
2022-12-06,-6.8,2.2,0.2,9.3,290.0,-6.4,68.1,996.7,52469.0
2022-12-07,0.9,7.5,0.0,8.6,290.0,-1.9,65.8,996.4,61320.0
2022-12-08,-1.7,9.9,0.0,7.7,290.0,-6.7,49.5,999.2,72398.0
2022-12-09,-5.9,7.1,0.0,6.1,140.0,-4.5,70.1,997.1,86505.0
2022-12-10,-5.6,7.8,0.0,6.4,340.0,-3.7,70.6,994.0,13370.0
2022-12-12,-4.4,7.9,0.0,8.2,320.0,-3.5,69.6,993.9,79232.5
2022-12-13,-3.8,3.7,6.4,9.4,290.0,-2.3,78.1,990.4,59960.0
2022-12-14,-10.0,-3.7,3.8,10.4,290.0,-15.6,53.0,998.8,64900.0
2022-12-15,-12.7,0.8,1.2,7.7,290.0,-9.4,77.9,998.6,38010.0
2022-12-16,-7.6,-0.6,1.65,9.9,320.0,-12.0,54.4,1001.6,46390.0
2022-12-17,-9.0,-2.5,2.1,8.4,290.0,-14.3,53.6,996.8,4630.0
2022-12-19,-9.6,-2.7,3.0,9.7,320.0,-13.2,56.8,998.9,50330.0
2022-12-20,-11.3,1.7,3.45,7.0,290.0,-10.2,65.1,999.8,58670.0
2022-12-21,-5.7,-0.4,3.9,4.4,160.0,-3.6,90.8,986.8,108841.0
2022-12-22,-10.6,0.3,3.466666667,10.1,320.0,-14.3,53.0,980.9,35010.0
2022-12-23,-12.7,-7.7,3.033333333,13.8,320.0,-16.6,62.1,983.2,48492.5
2022-12-24,-16.3,-2.6,2.6,8.9,160.0,-14.9,69.9,992.3,7210.0
2022-12-26,-12.6,0.4,1.733333333,2.7,160.0,-10.8,74.3,998.9,93470.0
2022-12-27,-13.1,3.1,1.3,6.8,320.0,-10.7,65.0,1001.7,96250.0
2022-12-28,-7.3,0.5,0.866666667,8.6,290.0,-9.2,60.1,1001.9,91640.0
2022-12-29,-5.3,1.0,0.433333333,7.1,290.0,-12.8,46.9,1004.8,94200.0
2022-12-30,-6.5,1.3,0.0,7.9,290.0,-9.0,60.8,1004.4,64935.0
2022-12-31,-8.6,2.0,0.0,7.5,290.0,-7.9,61.0,1002.9,21720.0
2023-01-02,-5.8,1.3,0.0,8.0,320.0,-15.2,38.3,1003.0,2200.0
2023-01-03,-10.0,1.2,0.0,7.8,290.0,-15.6,42.8,1001.8,70540.0
2023-01-04,-8.6,2.6,0.0,8.5,290.0,-11.5,47.1,1003.0,194960.0
2023-01-05,-10.3,4.1,0.0,6.6,290.0,-8.6,64.8,1003.7,190826.6
2023-01-06,-9.0,5.7,0.0,2.9,320.0,-7.7,69.3,996.6,182825.0
2023-01-07,-2.5,3.0,1.2,7.9,290.0,-3.3,75.6,992.4,165309.5
2023-01-09,-3.8,7.7,0.0,6.9,320.0,-3.2,68.3,997.4,323727.0
2023-01-10,-7.3,8.5,0.0,3.1,320.0,-4.9,75.5,1002.3,241340.0
2023-01-11,-6.7,10.7,0.0,7.2,320.0,-7.6,61.1,999.4,203600.0
2023-01-12,-5.9,12.1,0.0,3.6,320.0,-6.5,60.4,997.8,208022.5
2023-01-13,2.1,8.7,22.3,3.0,320.0,6.1,100.0,987.1,143695.0
2023-01-14,3.0,7.6,1.3,2.5,290.0,5.4,100.0,988.6,115960.0
2023-01-16,-7.0,-0.7,4.2,9.1,290.0,-7.9,70.1,996.6,122805.5
2023-01-17,-7.6,0.8,4.2,6.9,290.0,-8.4,69.3,999.0,83490.0
2023-01-18,-5.1,2.7,4.2,6.4,290.0,-7.9,62.4,998.9,65585.0
2023-01-19,-8.7,3.9,4.2,7.6,320.0,-7.6,70.1,997.3,72275.0
2023-01-20,-6.3,2.7,0.0,12.7,290.0,-13.3,44.6,998.5,49759.0
2023-01-25,-17.7,-6.0,0.0,10.5,320.0,-22.8,43.5,1001.8,1940.0
2023-01-26,-14.3,-4.1,0.8,5.3,160.0,-12.4,72.6,997.6,15510.0
2023-01-27,-9.4,-3.9,0.8,8.7,290.0,-14.5,54.9,993.4,25590.0
2023-01-28,-10.8,-2.0,0.8,8.3,290.0,-16.0,46.0,994.1,10560.0
2023-01-30,-5.3,2.5,0.2,8.9,290.0,-11.9,47.0,995.7,44450.0
2023-01-31,-10.5,6.4,0.2,2.5,320.0,-10.0,62.3,993.0,27320.0
2023-02-01,-5.0,6.7,0.2,10.4,290.0,-6.5,52.8,991.3,54210.0
2023-02-02,-7.2,3.7,0.2,7.1,290.0,-11.6,47.6,999.0,69755.0
2023-02-03,-5.5,5.3,0.2,6.4,290.0,-12.3,43.6,996.0,53760.0
2023-02-04,-4.0,3.9,0.2,7.3,290.0,-10.4,49.0,997.6,12660.0
2023-02-06,-8.6,9.2,0.2,2.7,320.0,-7.6,59.8,996.1,43300.0
2023-02-07,-6.2,11.0,0.2,3.6,320.0,-7.9,51.9,994.8,50240.0
2023-02-08,-6.3,8.2,0.2,6.4,320.0,-7.3,59.4,999.2,51520.0
2023-02-09,-7.2,9.8,1.1,4.5,320.0,-5.1,64.1,1002.2,51339.5
2023-02-10,0.2,6.7,7.8,7.4,320.0,0.8,88.5,994.0,46280.0
2023-02-11,-5.3,7.3,7.8,6.2,140.0,-1.6,90.5,997.6,18192.5
2023-02-13,1.7,7.6,7.8,3.3,320.0,-0.1,75.8,992.7,62965.0
2023-02-14,-1.7,8.3,0.1,4.0,160.0,-2.4,74.3,996.0,47770.0
2023-02-15,-2.8,5.2,0.1,3.3,320.0,-4.1,70.3,1003.7,58010.0
2023-02-16,-1.8,6.3,0.1,6.2,320.0,-3.0,70.8,1004.1,39100.0
2023-02-17,-2.8,9.6,0.1,6.2,160.0,-3.9,63.3,1001.3,39350.0
2023-02-18,2.0,7.6,0.0,7.3,140.0,-1.5,64.3,994.2,14360.0
2023-02-20,-3.0,4.5,0.0,9.4,290.0,-12.0,41.5,998.0,76310.0
2023-02-21,-7.6,4.9,0.0,6.6,320.0,-13.0,45.1,1007.1,49182.0
2023-02-22,-8.2,8.6,0.0,7.1,320.0,-6.6,59.5,1003.3,52255.0
2023-02-23,-0.4,10.2,0.0,10.8,290.0,-6.5,44.8,996.4,68100.0
2023-02-24,1.2,9.3,0.0,7.5,320.0,-6.9,45.4,996.7,42770.0
2023-02-25,-3.1,6.7,0.0,7.6,320.0,-10.0,41.5,1003.7,20690.0
2023-02-27,-7.2,14.3,0.0,6.0,320.0,-8.6,44.3,1007.0,68732.0
2023-02-28,-5.1,14.0,0.0,6.5,320.0,-7.1,47.5,1000.0,73530.0
2023-03-01,3.0,10.9,0.0,8.8,290.0,-2.4,55.9,994.7,42370.0
2023-03-02,-1.5,6.5,0.0,7.2,320.0,-13.7,30.8,999.5,38850.0
2023-03-03,-4.8,10.6,0.0,8.4,290.0,-7.3,45.8,1000.6,57440.0
2023-03-04,-3.5,14.5,0.0,3.6,320.0,-3.2,59.5,1002.6,27690.0
2023-03-06,-3.1,16.6,0.0,7.1,320.0,-6.2,45.8,997.3,106060.0
2023-03-07,-0.2,19.6,0.0,3.7,160.0,-2.6,44.1,994.9,90262.0
2023-03-08,1.0,20.6,0.0,5.8,320.0,-1.6,46.8,993.6,43040.0
2023-03-09,4.5,20.2,0.0,7.1,320.0,1.6,52.5,990.1,47500.0
2023-03-10,1.8,22.0,0.0,3.6,320.0,-1.2,46.1,994.5,45385.0
2023-03-11,2.8,22.1,0.0,5.4,320.0,1.6,48.0,996.6,15790.0
2023-03-13,-2.5,7.6,5.8,9.5,290.0,-13.1,31.8,995.3,61950.0
2023-03-14,-1.5,16.6,5.8,3.6,320.0,-5.5,49.3,993.4,48390.0
2023-03-15,-1.9,19.8,5.8,6.7,340.0,1.5,60.1,994.2,70740.0
2023-03-16,1.8,11.2,5.8,8.6,290.0,-11.9,27.5,1000.7,64630.0
2023-03-17,-0.9,12.6,5.8,6.7,320.0,-4.5,45.3,997.7,57420.0
2023-03-18,2.6,16.3,5.8,7.0,320.0,-3.6,46.6,992.3,8300.0
2023-03-20,-1.1,18.8,5.8,5.2,290.0,-4.2,44.1,990.0,83270.0
2023-03-21,1.0,21.7,5.8,3.3,320.0,-3.1,43.8,987.4,72920.0
2023-03-22,2.3,22.4,0.0,3.5,320.0,5.8,60.3,986.0,102290.0
2023-03-23,8.7,16.7,26.0,4.9,320.0,12.7,96.3,982.0,80450.0
2023-03-24,6.0,13.3,26.0,3.1,70.0,5.9,80.1,991.4,34630.0
2023-03-25,6.6,9.8,26.0,2.6,140.0,4.5,78.3,994.4,14380.0
2023-03-27,-0.3,14.1,26.0,7.2,320.0,-7.6,36.3,995.3,96380.0
2023-03-28,-2.3,16.8,26.0,6.4,320.0,-2.8,51.5,998.1,82880.0
2023-03-29,-0.4,19.9,26.0,5.6,320.0,-1.6,49.5,996.5,91740.0
2023-03-30,1.2,21.9,26.0,7.9,290.0,-4.7,34.5,993.8,82000.0
2023-03-31,2.5,23.9,26.0,6.8,320.0,-1.8,39.3,992.8,82400.0
2023-04-01,3.1,23.8,26.0,5.9,320.0,0.5,48.1,992.3,21090.0
2023-04-03,1.4,22.2,26.0,4.9,160.0,0.0,48.5,998.8,124860.0
2023-04-04,3.7,19.7,4.5,6.2,320.0,3.8,60.6,995.9,132406.0
2023-04-05,10.7,14.5,66.8,4.3,70.0,12.0,97.6,986.0,62410.0
2023-04-06,8.2,13.0,1.8,8.0,290.0,7.3,83.1,985.0,44790.0
2023-04-07,4.2,15.1,1.1,9.5,290.0,-0.7,52.3,987.2,71828.0
2023-04-08,2.1,14.1,1.1,11.3,290.0,-5.7,39.0,992.1,11990.0
2023-04-10,3.0,22.1,1.1,6.7,320.0,-2.9,36.9,989.9,76108.0
2023-04-11,4.4,18.9,2.8,9.0,320.0,6.7,70.3,986.3,90600.0
2023-04-12,7.3,16.2,2.8,9.7,290.0,-10.9,21.1,991.0,53630.0
2023-04-13,-0.1,21.6,2.8,6.1,320.0,-3.8,38.5,992.2,72422.0
2023-04-14,5.9,22.9,2.8,5.1,320.0,1.8,47.4,988.3,49740.0
2023-04-15,6.0,17.1,0.8,9.5,320.0,7.0,77.6,979.9,10760.0
2023-04-17,1.1,18.6,0.8,3.6,320.0,2.9,64.3,990.5,69825.0
2023-04-18,8.1,14.2,2.1,2.1,340.0,9.0,85.9,987.5,61886.0
2023-04-19,7.0,25.3,2.1,4.0,160.0,9.8,75.4,986.0,85000.0
2023-04-20,11.3,23.5,2.1,9.0,320.0,13.8,75.4,984.5,75200.0
2023-04-21,7.1,17.4,2.1,5.5,110.0,5.7,63.9,988.5,49650.0
2023-04-22,4.5,20.4,2.1,4.2,340.0,1.9,55.0,995.5,10940.0
2023-04-24,5.0,16.7,2.1,4.0,140.0,3.8,64.4,999.5,65190.0
2023-04-25,3.6,9.9,4.7,4.3,320.0,5.8,89.3,990.7,77360.0
2023-04-26,3.0,14.3,0.5,9.6,320.0,3.2,67.5,988.0,59300.0
2023-04-27,0.3,21.1,0.5,3.3,320.0,2.8,63.0,994.9,72580.0
2023-04-28,3.6,24.8,0.0,5.9,320.0,5.3,56.9,990.9,35010.0
2023-04-29,9.4,17.3,8.9,9.2,290.0,10.3,83.6,981.9,12450.0
2023-05-01,8.0,19.3,0.0,7.5,290.0,3.2,52.4,991.4,65125.6
2023-05-02,3.0,23.7,0.0,3.6,320.0,4.2,57.6,997.9,59290.0
2023-05-03,8.7,25.9,0.0,4.2,140.0,5.9,51.8,995.7,82870.0
2023-05-04,10.7,23.7,0.0,4.9,180.0,11.5,68.3,990.6,78790.0
2023-05-05,14.8,18.0,63.2,1.4,50.0,16.7,100.0,981.0,33080.0
2023-05-06,9.2,18.1,52.3,3.6,160.0,12.1,97.3,982.9,13380.0
2023-05-08,2.0,21.4,0.3,3.7,180.0,4.2,65.9,991.2,73630.0
2023-05-09,4.4,25.1,0.3,7.5,290.0,4.4,54.3,990.7,63570.0
2023-05-10,7.0,25.3,0.3,4.7,320.0,4.9,51.9,991.6,70290.0
2023-05-11,7.1,23.7,0.3,3.6,160.0,6.9,61.6,994.6,71320.0
2023-05-12,7.5,23.6,0.3,3.1,340.0,7.5,60.1,992.1,57710.0
2023-05-13,9.7,24.2,0.0,3.5,160.0,9.4,66.5,987.7,13260.0
2023-05-15,8.0,26.7,0.0,3.5,320.0,9.3,62.6,984.2,101540.0
2023-05-16,11.4,31.8,0.0,5.6,160.0,12.1,62.1,986.4,71730.0
2023-05-17,10.6,31.0,0.0,4.8,290.0,9.2,48.1,988.5,62370.0
2023-05-18,14.7,21.7,0.0,5.1,160.0,12.9,74.8,987.5,55320.0
2023-05-19,11.8,22.9,0.0,2.7,320.0,12.7,75.0,985.5,44860.0
2023-05-20,9.6,27.2,0.0,7.1,320.0,12.7,68.5,985.8,4620.0
2023-05-22,12.3,21.5,0.0,4.7,320.0,9.8,63.5,983.8,80900.0
2023-05-23,8.3,24.4,0.5,5.3,320.0,7.6,66.1,986.1,60090.0
2023-05-24,7.1,25.1,0.5,3.1,320.0,7.4,60.5,990.5,46130.0
2023-05-25,11.3,26.8,0.5,4.0,320.0,8.2,50.3,991.2,54498.4
2023-05-26,14.7,27.2,0.0,4.6,290.0,10.9,54.6,993.4,25650.0
2023-05-27,14.8,22.2,0.8,2.3,320.0,16.3,85.9,993.5,13090.0
2023-05-29,17.9,22.0,21.9,1.9,140.0,19.3,98.6,986.7,18020.0
2023-05-30,13.0,23.9,21.9,4.0,320.0,15.1,82.1,987.3,28440.0
2023-05-31,10.5,25.9,21.9,3.4,320.0,9.7,61.3,987.5,40400.0
2023-06-01,12.6,25.1,21.9,2.8,160.0,13.4,71.8,982.3,41960.0
2023-06-02,17.1,27.2,21.9,6.0,290.0,15.0,67.4,977.4,29982.8
2023-06-03,14.2,27.0,21.9,6.1,290.0,11.0,57.6,983.0,21752.0
2023-06-05,13.1,26.5,21.9,7.1,320.0,11.7,56.5,986.0,37642.0
2023-06-06,16.1,27.7,21.9,6.7,320.0,13.0,60.3,982.2,31740.0
2023-06-07,17.7,26.0,21.9,7.4,320.0,15.3,70.0,984.2,34930.0
2023-06-08,15.8,28.6,24.6,7.6,320.0,15.8,77.6,980.5,35800.0
2023-06-09,15.7,27.4,0.1,5.7,290.0,13.3,65.5,979.8,30500.0
2023-06-10,15.1,28.3,1.5,4.7,140.0,15.4,75.1,981.7,6580.0
2023-06-12,17.3,27.0,6.5,3.7,290.0,17.8,87.3,981.4,43325.0
2023-06-13,15.3,25.2,38.4,5.8,20.0,16.7,87.6,980.2,28315.0
2023-06-14,13.6,26.0,8.9,4.7,290.0,15.3,81.0,981.9,36840.0
2023-06-15,13.3,23.0,11.2,6.1,140.0,15.8,92.8,984.8,23060.0
2023-06-16,14.4,29.2,11.2,5.7,290.0,16.6,75.3,988.2,30716.0
2023-06-17,15.8,31.5,11.2,5.4,290.0,16.6,64.9,987.3,6030.0
2023-06-19,18.2,31.2,11.2,3.7,160.0,17.0,67.1,983.7,38700.0
2023-06-20,16.1,25.2,0.0,2.2,320.0,15.9,75.1,982.5,42580.0
2023-06-21,16.3,20.8,51.2,2.5,320.0,18.7,99.8,978.1,17220.0
2023-06-22,17.9,26.4,3.8,6.7,320.0,17.5,81.6,979.1,22565.0
2023-06-23,15.4,29.0,3.8,2.8,160.0,18.0,79.1,985.5,20170.0
2023-06-24,17.7,29.8,3.8,2.9,160.0,18.6,75.9,990.4,6180.0
2023-06-26,18.9,22.6,85.8,2.9,50.0,20.8,99.4,984.7,32030.0
2023-06-27,21.5,28.7,26.7,7.7,320.0,20.2,78.6,984.5,22190.0
2023-06-28,19.4,28.8,0.7,6.1,110.0,20.3,80.6,984.0,29080.0
2023-06-29,20.3,23.7,122.0,2.5,160.0,22.5,99.8,978.3,28970.0
2023-06-30,21.8,24.2,94.8,2.8,140.0,22.6,100.0,977.2,17836.0
2023-07-01,21.0,30.1,94.8,2.9,160.0,22.0,86.9,981.9,5140.0
2023-07-03,20.0,31.8,94.8,2.6,290.0,20.9,79.0,982.7,30512.0
2023-07-04,21.0,26.5,42.1,2.5,110.0,22.0,94.6,978.5,32340.0
2023-07-05,19.8,26.8,42.5,8.8,290.0,20.2,82.8,971.4,15000.0
2023-07-06,18.2,31.3,42.5,3.8,160.0,20.0,79.1,979.1,31482.0
2023-07-07,17.9,24.6,30.9,3.2,140.0,18.8,91.0,980.2,29540.0
2023-07-08,18.3,27.8,2.6,2.4,160.0,21.3,88.9,979.5,2490.0
2023-07-10,19.8,30.1,30.4,2.9,160.0,21.9,90.5,980.9,30140.0
2023-07-11,20.3,24.3,17.7,2.4,160.0,22.4,99.0,982.1,44498.0
2023-07-12,20.9,29.4,0.3,2.8,340.0,22.7,91.8,981.9,37840.0
2023-07-13,21.8,24.8,45.2,1.9,70.0,23.4,100.0,981.8,56400.0
2023-07-14,22.7,24.6,123.3,4.6,160.0,23.6,100.0,976.0,27890.0
2023-07-15,20.2,23.5,161.6,3.7,110.0,21.9,100.0,978.4,33535.0
2023-07-17,22.0,30.5,4.3,4.2,70.0,23.6,93.4,988.0,44945.0
2023-07-18,21.6,24.6,21.3,2.8,140.0,22.7,99.9,987.4,66075.0
2023-07-19,19.6,30.7,21.3,3.0,320.0,22.3,86.9,983.4,28000.0
2023-07-20,20.9,32.1,21.3,4.2,290.0,22.3,83.1,985.1,84105.0
2023-07-21,20.6,32.1,21.3,5.2,160.0,22.7,85.3,988.9,118270.0
2023-07-22,21.0,29.6,21.3,3.0,140.0,21.0,81.0,990.1,54006.0
2023-07-24,22.7,29.3,17.6,3.4,140.0,23.7,92.9,985.5,117855.0
2023-07-25,22.5,29.4,3.4,3.6,160.0,23.5,94.0,989.4,60562.0
2023-07-26,22.3,28.7,54.7,6.2,140.0,23.3,97.0,991.6,91715.0
2023-07-27,21.5,30.6,54.7,2.2,140.0,24.0,92.9,991.0,108626.0
2023-07-28,22.3,32.9,54.7,3.4,180.0,24.1,86.9,990.6,87303.2
2023-07-29,22.5,33.4,54.7,3.3,160.0,23.9,84.3,990.7,30107.2
2023-07-31,22.7,32.5,1.1,5.8,320.0,23.9,86.3,988.9,140091.2
2023-08-01,21.7,32.9,1.1,2.7,320.0,22.6,79.9,987.3,89575.0
2023-08-02,22.2,33.6,1.1,3.5,320.0,23.5,80.8,984.2,102753.0
2023-08-03,21.9,33.4,1.1,6.9,320.0,23.0,78.3,982.5,101347.2
2023-08-04,22.8,33.8,1.1,4.9,290.0,23.7,81.4,980.7,75412.4
2023-08-05,22.7,34.7,1.1,4.0,290.0,23.3,76.9,977.0,16755.0
2023-08-07,23.1,34.6,0.0,4.4,160.0,24.0,88.4,976.9,155716.9
2023-08-08,23.2,33.8,0.0,4.4,140.0,22.9,78.0,979.6,109963.0
2023-08-09,22.9,29.4,23.6,3.3,320.0,23.0,91.1,980.3,153612.4
2023-08-10,20.3,24.1,108.8,7.3,160.0,21.5,99.0,970.4,121832.6
2023-08-11,20.5,29.8,0.6,4.4,180.0,22.1,90.6,977.3,39020.0
2023-08-12,21.1,28.7,0.1,4.5,320.0,21.7,87.9,980.6,28149.0
2023-08-14,21.1,31.7,0.4,2.7,340.0,22.3,84.9,982.7,101088.0
2023-08-15,21.2,32.7,0.4,3.8,50.0,21.7,79.9,980.9,61491.0
2023-08-16,20.1,31.0,0.0,3.0,180.0,21.7,80.4,980.3,74815.0
2023-08-17,22.3,28.9,0.0,2.6,140.0,22.6,88.6,982.1,60470.0
2023-08-18,21.9,32.2,2.8,4.7,320.0,22.9,87.6,983.9,69315.0
2023-08-19,23.5,31.7,3.0,2.6,160.0,24.1,88.9,986.3,49035.0
2023-08-21,22.5,31.8,1.5,2.6,320.0,23.6,89.5,985.2,153170.0
2023-08-22,22.2,31.5,1.5,2.4,340.0,23.4,85.9,982.0,88570.0
2023-08-23,23.0,31.0,1.1,2.5,20.0,24.0,90.3,982.5,117350.0
2023-08-24,21.9,23.8,61.1,2.8,320.0,22.6,100.0,983.4,104880.0
2023-08-25,21.0,29.9,10.1,6.3,320.0,21.0,81.4,983.4,44034.0
2023-08-26,18.1,30.5,10.1,3.0,160.0,20.1,83.9,985.6,42350.0
2023-08-28,20.9,28.0,0.0,2.8,290.0,21.0,84.3,985.0,131015.0
2023-08-29,22.5,25.8,37.5,2.4,110.0,23.6,98.0,983.1,122230.0
2023-08-30,20.0,24.2,65.5,5.6,290.0,21.3,98.8,985.0,104920.0
2023-08-31,18.7,26.2,1.7,4.0,160.0,19.9,87.9,986.4,51940.0
2023-09-01,16.5,28.2,1.7,2.6,160.0,18.3,86.0,987.7,106774.0
2023-09-02,15.6,29.4,1.7,3.0,320.0,18.4,78.5,988.5,85000.0
2023-09-04,20.4,30.9,0.0,2.4,320.0,21.4,80.9,988.8,233566.0
2023-09-05,19.7,30.1,0.0,2.7,320.0,20.5,83.9,988.2,121592.0
2023-09-06,17.7,30.3,0.0,2.9,320.0,18.1,76.9,988.6,159460.0
2023-09-07,12.8,29.4,0.0,3.4,320.0,14.4,71.8,991.2,160575.0
2023-09-08,13.3,28.4,0.0,2.9,320.0,15.8,78.0,989.5,140800.0
2023-09-09,16.6,28.4,0.0,2.6,140.0,17.9,81.3,987.8,67103.0
2023-09-11,17.2,29.3,0.0,2.7,290.0,19.3,84.9,985.7,185232.0
2023-09-12,19.1,30.0,0.0,2.9,320.0,20.1,84.0,986.9,144670.0
2023-09-13,19.9,24.4,38.0,2.8,320.0,21.4,98.0,987.5,140261.0
2023-09-14,19.2,24.9,17.5,1.9,160.0,20.3,94.6,989.2,115080.0
2023-09-15,19.7,23.1,9.0,2.0,290.0,20.8,98.9,990.6,162391.0
2023-09-16,20.7,25.7,15.9,2.5,290.0,21.9,97.8,989.0,88990.0
2023-09-18,19.2,28.9,0.6,4.4,320.0,21.0,89.3,988.4,161653.0
2023-09-19,17.9,27.6,0.6,5.0,290.0,18.5,78.9,989.8,120411.0
2023-09-20,18.6,21.7,102.0,2.3,320.0,19.5,99.4,987.1,180842.0
2023-09-21,15.9,21.3,0.2,3.6,320.0,17.0,91.6,986.8,131351.0
2023-09-22,14.2,24.1,0.2,2.7,290.0,15.0,83.8,991.6,132331.0
2023-09-23,12.3,25.7,0.2,4.1,320.0,13.6,79.9,996.0,110502.0
2023-09-25,15.3,24.8,8.9,2.5,320.0,16.4,82.6,993.0,151735.0
2023-09-26,17.9,19.2,39.9,1.2,290.0,18.7,100.0,989.8,57013.5
2023-09-27,18.8,22.2,1.7,5.6,290.0,20.1,99.5,987.1,36289.0
2023-09-28,17.2,25.5,1.7,5.7,290.0,17.1,77.4,988.8,2195.0
2023-10-02,7.1,22.6,2.2,4.5,290.0,8.8,76.4,993.7,11300.0
2023-10-03,8.3,19.4,2.2,2.7,320.0,10.8,88.0,993.8,69410.0
2023-10-04,7.1,22.2,1.6,6.6,290.0,10.8,81.0,989.1,65480.0
2023-10-05,7.9,17.9,1.6,7.9,290.0,3.8,55.0,990.2,92612.0
2023-10-06,4.5,20.1,1.6,2.7,320.0,6.7,73.5,994.1,125610.0
2023-10-07,7.2,20.6,0.0,3.0,320.0,10.4,82.1,998.1,54500.0
2023-10-09,7.8,22.2,0.0,4.3,320.0,11.2,81.5,994.9,162640.0
2023-10-10,9.4,22.5,0.0,5.0,320.0,10.3,74.0,995.8,177250.0
2023-10-11,5.9,21.5,0.0,3.2,320.0,8.6,77.9,1000.3,145750.0
2023-10-12,6.2,22.5,0.0,2.8,320.0,9.4,79.9,999.6,93415.0
2023-10-13,9.9,20.5,0.0,3.2,320.0,11.3,82.6,993.4,105840.0
2023-10-14,7.3,18.5,8.5,4.7,320.0,10.4,90.1,986.0,46265.0
2023-10-16,9.6,20.4,8.5,5.1,290.0,8.3,70.8,989.7,141230.0
2023-10-17,3.2,20.1,8.5,4.7,320.0,5.4,73.8,994.1,127568.0
2023-10-18,2.8,21.0,8.5,2.5,320.0,7.7,82.8,994.7,129855.0
2023-10-19,7.0,17.1,3.5,2.2,320.0,10.8,91.3,991.3,98160.0
2023-10-20,6.6,14.7,6.1,8.6,290.0,2.1,55.5,990.1,130660.0
2023-10-21,2.9,14.3,0.0,7.6,290.0,1.1,64.9,994.9,68130.0
2023-10-23,4.4,19.5,0.0,5.4,320.0,7.0,83.1,997.8,175615.0
2023-10-24,3.9,19.5,0.0,6.0,320.0,7.6,83.3,995.4,182720.0
2023-10-25,4.9,21.9,0.0,5.1,110.0,7.5,79.0,993.0,160165.0
2023-10-26,6.3,21.6,10.5,6.3,320.0,10.0,86.9,990.0,100150.0
2023-10-27,5.7,17.8,10.5,5.2,320.0,8.8,85.5,989.6,101410.0
2023-10-28,4.7,18.5,10.5,3.4,320.0,7.3,83.4,993.9,79060.0
2023-10-30,3.4,20.0,10.5,4.4,320.0,6.8,79.4,997.4,120442.0
2023-10-31,3.8,21.5,10.5,7.4,320.0,4.9,74.3,996.7,97310.0
2023-11-01,4.5,19.3,10.5,2.7,140.0,8.5,83.9,994.3,104870.0
2023-11-02,7.9,24.1,10.5,2.9,320.0,10.5,82.3,992.9,122320.0
2023-11-03,6.6,23.8,10.5,5.0,320.0,10.4,77.6,991.4,156168.0
2023-11-04,12.5,19.4,2.3,2.2,290.0,14.0,91.3,996.9,54420.0
2023-11-06,7.3,20.6,38.0,8.8,160.0,10.1,73.4,982.0,146720.0
2023-11-07,1.1,10.9,0.1,9.9,290.0,-1.3,57.6,993.6,124620.0
2023-11-08,-1.4,16.7,0.1,3.0,320.0,0.7,72.3,997.7,98640.0
2023-11-09,0.9,18.1,0.6,3.2,160.0,6.7,82.1,995.1,136424.0
2023-11-10,2.5,14.2,1.0,10.0,290.0,-2.1,51.0,996.6,104690.0
2023-11-11,-2.5,7.7,1.0,6.4,320.0,-5.6,55.5,1001.1,80700.0
2023-11-13,-1.5,7.0,1.0,7.5,290.0,-7.7,47.6,1000.3,122640.0
2023-11-14,-2.6,9.7,1.0,7.3,290.0,-3.5,61.0,1000.1,99900.0
2023-11-15,-3.4,12.8,1.0,6.9,290.0,-1.4,73.1,1001.7,69060.0
2023-11-16,-1.3,6.7,3.2,5.3,320.0,1.8,89.4,994.6,81170.0
2023-11-17,-1.0,7.8,0.5,7.9,320.0,-4.6,59.4,986.4,100702.0
2023-11-18,-4.2,4.2,0.5,9.7,290.0,-7.9,53.9,989.9,28580.0
2023-11-20,-1.7,12.1,0.5,7.3,320.0,-2.3,61.4,997.3,81850.0
2023-11-21,-4.5,14.1,0.5,2.8,320.0,-2.8,68.6,996.2,69404.0
2023-11-22,-4.0,14.6,0.5,3.1,320.0,-0.8,70.1,991.9,42040.0
2023-11-23,3.6,17.3,0.2,9.7,290.0,0.9,59.1,987.3,72865.0
2023-11-24,-2.7,5.1,0.2,9.6,290.0,-10.9,43.3,999.5,51450.0
2023-11-25,-6.2,5.3,0.2,8.5,320.0,-12.1,47.5,1005.1,24980.0
2023-11-27,2.4,7.0,5.4,6.5,160.0,2.9,94.5,989.3,46010.0
2023-11-28,0.9,6.7,0.0,10.7,290.0,-5.0,56.0,993.7,44340.0
2023-11-29,-1.7,5.1,0.4,11.0,290.0,-5.7,60.3,997.3,41730.0
2023-11-30,-6.3,-0.9,0.4,8.9,290.0,-12.6,50.1,1000.2,45715.0
2023-12-01,-5.7,1.2,0.4,8.2,290.0,-12.4,44.9,998.3,18220.0
2023-12-02,-5.3,6.3,0.4,5.7,140.0,-5.3,61.4,998.4,7440.0
2023-12-04,-7.5,8.8,0.4,6.2,290.0,-8.0,58.5,995.9,47915.0
2023-12-05,-5.5,10.9,0.4,2.8,320.0,-4.5,69.3,992.3,40640.0
2023-12-06,-4.4,8.0,1.4,9.1,320.0,-0.9,80.6,985.5,52020.0
2023-12-07,-0.7,10.0,1.4,11.4,320.0,-4.4,55.3,989.4,48172.0
2023-12-08,-3.0,13.7,1.4,3.2,320.0,0.5,79.9,990.8,46439.0
2023-12-09,0.4,16.4,1.4,3.0,320.0,4.9,88.4,993.3,16780.0
2023-12-11,8.5,11.6,38.4,3.0,320.0,8.8,94.5,993.2,69523.0
2023-12-12,0.7,9.3,0.1,4.4,160.0,2.3,80.5,995.5,50398.0
2023-12-13,-1.9,10.9,0.1,3.0,320.0,2.1,87.4,1003.3,96910.0
2023-12-14,4.2,10.3,24.0,2.6,320.0,6.6,95.0,999.1,79540.0
2023-12-15,4.7,8.9,34.5,2.9,160.0,6.9,100.0,987.1,70836.0
2023-12-16,-7.8,5.5,1.0,12.3,290.0,-6.0,74.1,992.2,16475.0
2023-12-18,-12.2,-2.4,1.0,7.4,320.0,-14.6,55.3,1006.5,46580.0
2023-12-19,-8.7,2.6,1.0,5.8,290.0,-8.8,63.1,1001.2,39259.0
2023-12-20,-9.5,-1.5,1.0,8.6,290.0,-11.7,60.6,998.0,59310.0
2023-12-21,-11.7,-6.9,1.0,9.1,290.0,-18.9,47.0,1000.6,45285.0
2023-12-22,-13.2,-6.9,1.0,11.3,290.0,-19.3,46.8,1006.5,8090.0
2023-12-23,-14.2,-0.8,1.0,5.8,290.0,-15.3,58.8,1009.0,2880.0
2023-12-25,-8.8,1.6,0.3,8.1,320.0,-6.1,77.4,1002.0,40488.0
2023-12-26,-0.7,5.1,0.3,8.2,320.0,-3.8,64.0,1002.5,37125.0
2023-12-27,-5.1,7.3,0.3,3.1,320.0,-4.7,74.3,1004.5,67630.0
2023-12-28,-6.8,5.9,0.3,8.0,320.0,-5.8,68.8,1001.6,66330.0
2023-12-29,-6.4,5.9,0.3,7.6,320.0,-4.7,75.5,1000.3,56365.0
2023-12-30,-5.9,3.1,1.7,2.5,320.0,-2.4,88.9,993.0,10400.0
2024-01-03,0.4,4.4,3.1,7.7,290.0,-2.4,72.8,992.5,77190.0
2024-01-08,-11.6,1.3,3.1,9.8,290.0,-14.5,47.5,999.5,121508.0
2024-01-09,-5.5,-1.3,0.9,5.7,160.0,-6.2,78.9,993.8,92806.0
2024-01-10,-5.8,6.6,0.9,4.4,290.0,-3.6,87.0,993.6,102443.0
2024-01-11,-6.1,4.0,0.9,11.0,320.0,-4.2,75.3,991.4,133135.0
2024-01-12,-0.3,6.2,0.9,9.2,290.0,-6.9,50.0,991.3,94430.0
2024-01-13,-6.0,5.4,0.9,7.4,290.0,-11.3,46.5,997.9,46760.0
2024-01-15,-2.9,1.9,3.5,8.6,290.0,-8.9,54.8,999.1,139670.0
2024-01-16,-9.3,4.4,3.5,6.0,320.0,-9.4,65.9,1005.9,109830.0
2024-01-17,-6.8,3.1,4.0,2.8,320.0,-4.2,77.5,1000.5,107632.0
2024-01-18,0.7,6.5,4.3,2.2,320.0,3.1,100.0,997.6,150395.0
2024-01-19,1.5,4.4,4.3,3.2,320.0,0.7,87.4,1003.9,120795.0
2024-01-20,0.0,4.5,5.9,2.8,320.0,1.0,94.1,1000.4,51200.0
2024-01-22,-10.2,2.4,5.9,10.1,320.0,-11.7,64.3,997.7,173775.0
2024-01-23,-12.7,-7.8,5.9,10.0,290.0,-17.9,56.3,996.3,94497.0
2024-01-24,-12.6,-5.3,5.9,7.8,290.0,-16.9,51.8,997.3,69515.0
2024-01-25,-11.5,-1.1,5.9,7.9,290.0,-15.2,47.8,1000.5,132946.0
2024-01-26,-9.8,3.3,5.9,6.9,290.0,-10.6,54.1,1001.5,127844.0
2024-01-27,-5.8,4.9,5.9,7.3,290.0,-7.5,57.3,1000.1,72772.1
2024-01-29,-9.4,5.0,5.9,5.9,290.0,-8.3,66.3,1004.1,176258.0
2024-01-30,-9.0,7.3,5.9,3.0,320.0,-9.0,62.4,1003.2,141807.0
2024-01-31,-3.6,11.9,5.9,6.2,140.0,-5.6,50.4,997.8,155215.0
2024-02-01,-0.9,8.0,5.9,4.7,160.0,-3.9,62.1,999.4,149625.0
2024-02-02,-1.4,6.8,5.9,3.3,320.0,-2.8,71.8,1002.1,126376.5
2024-02-03,-1.9,6.8,1.5,2.6,320.0,-0.1,83.5,1002.7,53375.0
2024-02-04,-0.5,8.5,0.0,2.3,320.0,0.6,82.0,1000.4,510.0
2024-02-05,-0.6,6.5,7.3,3.7,20.0,0.3,86.9,995.6,77957.0
2024-02-06,-1.8,1.6,2.1,4.5,70.0,-0.5,95.1,998.5,59286.0
2024-02-07,-2.1,4.7,2.1,5.9,290.0,-4.1,71.6,996.4,33334.0
2024-02-08,-5.7,5.5,2.1,6.1,320.0,-4.4,75.3,994.9,6705.0
2024-02-13,-4.9,15.3,2.1,4.6,320.0,-1.0,68.5,1000.5,5010.0
2024-02-14,1.9,14.9,2.1,3.0,320.0,4.2,81.4,996.6,5118.0
2024-02-15,0.7,9.6,1.4,9.8,290.0,2.8,89.4,992.5,40042.0
2024-02-16,-3.1,7.1,1.4,2.9,320.0,-3.8,69.6,998.8,10750.0
2024-02-17,-5.2,12.1,1.4,3.1,320.0,-2.6,74.9,996.6,12760.0
2024-02-19,8.5,14.2,25.1,7.4,320.0,10.5,96.3,986.5,51440.0
2024-02-20,3.1,9.8,5.9,7.6,320.0,3.9,91.6,998.3,30000.0
2024-02-21,0.2,3.5,21.1,2.8,160.0,1.7,98.0,997.5,52790.0
2024-02-22,-1.1,1.7,5.4,2.1,180.0,-1.0,92.1,1001.3,43360.0
2024-02-23,-1.3,3.1,0.6,3.1,290.0,-2.7,80.5,1004.6,47842.0
2024-02-24,-3.3,3.2,1.4,3.3,320.0,-3.2,79.4,1003.7,6550.0
2024-02-26,-1.8,8.5,0.0,3.6,140.0,-1.9,77.4,1001.8,102545.0
2024-02-27,-3.4,6.7,0.0,3.2,320.0,-3.7,71.9,1005.4,64210.0
2024-02-28,-3.8,9.1,0.0,2.7,160.0,-2.0,75.3,1003.4,42360.0
2024-02-29,-1.3,5.7,0.0,5.4,140.0,0.6,85.0,996.4,37550.0
2024-03-01,-6.1,4.5,0.0,10.9,290.0,-14.5,39.5,994.3,40335.0
2024-03-02,-9.7,3.9,0.0,5.9,290.0,-12.0,47.4,994.3,9800.0
2024-03-04,2.7,12.0,1.2,8.2,290.0,-1.6,58.4,995.0,80980.0
2024-03-05,3.8,6.4,4.2,2.4,320.0,4.0,94.1,990.3,30700.0
2024-03-06,1.9,9.0,4.2,3.3,320.0,-0.3,71.0,991.3,54650.0
2024-03-07,1.0,5.2,0.7,8.4,320.0,-1.8,73.8,991.4,45830.0
2024-03-08,-0.6,7.1,0.7,9.7,290.0,-7.7,50.3,990.6,50820.0
2024-03-09,-2.9,7.4,0.7,6.4,290.0,-9.6,44.1,997.2,6520.0
2024-03-11,-2.4,10.4,0.7,2.7,320.0,-4.3,58.1,994.9,78590.0
2024-03-12,-1.4,10.6,0.0,4.3,320.0,-0.4,77.1,989.6,74070.0
2024-03-13,-3.9,12.1,0.0,7.4,290.0,-4.5,58.6,994.1,62140.0
